filename,pos_env_climate_action,neg_env_climate_action,pos_env_energy_transition,neg_env_energy_transition,pos_env_water_stewardship,neg_env_water_stewardship,pos_env_biodiversity_nature,neg_env_biodiversity_nature,pos_env_pollution_prevention,neg_env_pollution_prevention,pos_env_circular_economy,neg_env_circular_economy,pos_env_sustainable_practices,neg_env_sustainable_practices,pos_social_diversity_inclusion,neg_social_diversity_inclusion,pos_social_workforce_development,neg_social_workforce_development,pos_social_health_safety,neg_social_health_safety,pos_social_human_rights,neg_social_human_rights,pos_social_community_engagement,neg_social_community_engagement,pos_social_customer_stakeholder,neg_social_customer_stakeholder,pos_social_financial_inclusion,neg_social_financial_inclusion,pos_gov_corporate_governance,neg_gov_corporate_governance,pos_gov_ethics_integrity,neg_gov_ethics_integrity,pos_gov_transparency_disclosure,neg_gov_transparency_disclosure,pos_gov_risk_management,neg_gov_risk_management,pos_gov_compliance_legal,neg_gov_compliance_legal,pos_gov_stakeholder_relations,neg_gov_stakeholder_relations,pos_gov_innovation_technology,neg_gov_innovation_technology,pos_gov_cybersecurity_data,neg_gov_cybersecurity_data,total_sentences,total_words,total_pos_environmental,total_neg_environmental,total_pos_social,total_neg_social,total_pos_governance,total_neg_governance,total_environmental_mentions,total_social_mentions,total_governance_mentions,total_esg_mentions,esg_pos_ratio,esg_neg_ratio,esg_cluster,e_score,s_score,g_score
AR BBC 2023.txt,2,1,0,0,11,0,11,0,2,1,4,0,0,1,0,0,2,0,8,2,0,0,2,0,5,2,0,0,35,10,16,1,103,15,5,4,22,5,22,3,38,19,1,2,3932,50301,30,3,17,4,242,59,33,21,301,355,0.8140845070422535,0.1859154929577464,2,70.6,65.6,66.4
AR BBC 2024.txt,6,3,1,0,21,2,14,3,2,0,5,0,0,0,0,0,9,1,17,1,0,0,5,0,14,2,0,0,93,10,69,0,218,10,16,5,57,3,73,4,33,11,0,0,5326,78698,49,8,45,4,559,43,57,49,602,708,0.9223163841807908,0.077683615819209,2,68.1,71.0,73.0
AR BID 2024.txt,42,3,21,0,26,5,12,0,11,3,4,0,0,0,3,0,29,0,56,4,0,0,24,2,22,4,1,0,77,4,52,1,195,9,55,4,163,0,56,1,2,0,0,0,6336,81127,116,11,135,10,600,19,127,145,619,891,0.9551285984556308,0.044871401544369,1,59.7,60.9,65.0
AR DPM 2023.txt,14,1,0,0,14,1,2,0,7,1,2,0,0,0,0,0,5,0,12,0,0,0,3,0,6,0,0,0,77,3,77,2,189,4,46,2,75,2,41,1,0,0,0,0,3784,47086,39,3,26,0,505,14,42,26,519,587,0.97106470328802,0.02893529671198,2,71.6,75.0,75.0
AR DPM 2024.txt,36,1,18,0,27,0,19,1,9,0,3,0,0,0,6,0,9,0,19,1,0,0,6,0,6,1,0,0,95,13,83,4,216,22,59,10,79,8,86,15,0,0,0,0,5825,74648,112,2,46,2,618,72,114,48,690,852,0.9108450704225352,0.0891549295774647,2,74.5,73.1,71.8
AR HSG 2024.txt,17,0,9,0,14,1,21,0,8,1,3,0,0,0,3,0,8,0,11,1,0,0,5,0,5,0,0,0,78,5,62,3,158,8,66,5,95,8,58,4,1,0,0,0,3989,46781,72,2,32,1,518,33,74,33,551,658,0.9543781094527364,0.0456218905472636,2,71.5,72.1,75.0
AR SAB 2021.txt,25,1,12,1,18,0,16,1,5,0,1,0,0,0,3,0,12,0,21,1,0,0,5,0,10,0,0,0,80,6,64,2,175,12,54,7,82,2,63,8,2,1,0,0,4226,51746,77,3,51,1,520,38,80,52,558,690,0.9231884057971014,0.0768115942028985,2,74.1,75.0,72.4
AR SAB 2022.txt,23,2,10,0,18,1,18,1,4,0,1,0,0,0,2,0,10,0,18,1,0,0,6,0,8,0,0,0,81,7,68,2,181,12,51,4,80,3,63,7,3,3,0,0,4370,53484,74,4,44,1,527,38,78,45,565,688,0.9261627906976744,0.0738372093023255,2,72.0,71.6,73.0
AR SAB 2023.txt,23,2,11,0,17,1,18,1,4,0,1,0,0,0,2,0,11,0,21,1,0,0,7,0,9,0,0,0,82,6,68,2,184,14,55,5,82,3,65,7,3,3,0,0,4584,56029,74,4,50,1,539,39,78,51,578,707,0.9368870292887028,0.063112970711297,2,72.0,75.0,73.5
AR SCB 2024.txt,33,2,10,0,20,1,16,2,8,1,2,0,0,0,5,0,17,0,26,2,0,0,8,0,9,1,0,0,95,11,75,3,201,16,56,7,84,6,69,8,2,3,0,0,5597,67887,89,6,65,3,582,54,95,68,636,799,0.8535669586983102,0.1464330413016898,2,72.4,73.5,68.6
AR TCM 2023.txt,25,0,7,0,11,0,13,0,8,0,0,0,0,0,1,0,4,0,5,0,0,0,2,0,1,0,0,0,58,6,37,0,104,11,26,2,47,2,37,2,0,0,0,0,2565,29717,64,0,13,0,309,23,64,13,332,409,0.857455012853471,0.1425449871465295,2,70.8,57.3,69.3
AR TRA 2024.txt,24,2,9,0,18,1,16,1,5,0,1,0,0,0,3,0,11,0,20,1,0,0,6,0,9,0,0,0,81,7,67,2,179,13,53,5,81,3,63,8,3,3,0,0,4677,56986,73,4,49,1,520,38,77,50,558,685,0.9388321167883212,0.0611678832116788,2,72.4,74.2,73.5
AR VinGroup 2024.txt,42,4,18,1,31,3,25,2,12,1,5,0,0,0,7,1,18,1,33,3,0,0,9,1,11,2,0,0,163,21,125,7,346,24,91,11,137,10,111,13,2,2,0,0,9207,116536,133,11,78,8,975,88,144,86,1063,1293,0.9230085306737132,0.0769914693262866,2,72.6,70.7,72.7
ESG ACB 2022.txt,11,1,5,0,8,0,6,0,3,0,1,0,0,0,1,0,4,0,7,0,0,0,3,0,5,0,0,0,16,1,13,0,37,2,12,1,20,1,15,1,2,0,0,0,1315,15064,34,1,20,0,115,6,35,20,121,176,0.9329545454545454,0.0670454545454545,0,85.3,85.3,87.3
ESG ACB 2023.txt,27,2,12,1,18,1,13,0,6,0,2,0,0,0,3,0,10,0,16,0,0,0,7,0,12,0,0,0,40,2,32,1,95,5,30,3,48,3,37,3,4,1,0,0,3232,37202,78,4,48,0,286,17,82,48,303,433,0.9436950146627566,0.0563049853372434,0,85.6,87.3,87.6
ESG ACB 2024.txt,35,1,15,0,22,1,16,0,7,0,3,0,0,0,4,0,12,0,19,0,0,0,8,0,14,0,0,0,50,3,40,1,118,6,37,4,59,4,46,4,6,2,0,0,4033,46451,98,2,57,0,356,24,100,57,380,537,0.9776722689075632,0.0223277310924369,0,88.0,87.3,88.0
ESG BID 2023.txt,36,2,15,1,23,1,17,0,8,0,4,0,0,0,5,0,13,0,20,0,0,0,9,0,15,0,0,0,52,3,42,1,123,7,38,4,61,4,48,4,7,2,0,0,4388,50566,103,4,62,0,371,25,107,62,396,565,0.9672566371681416,0.0327433628318584,0,88.0,87.3,88.0
ESG CTR 2024.txt,10,2,4,0,6,0,5,0,2,0,1,0,0,0,1,0,3,0,5,0,0,0,2,0,4,0,0,0,14,1,11,0,32,2,10,1,18,1,13,1,2,0,0,0,1257,14434,28,2,15,0,100,6,30,15,106,151,0.9298013245033112,0.0701986754966887,0,84.7,85.3,87.3
ESG FPT 2023.txt,17,0,7,0,11,0,9,0,4,0,2,0,0,0,2,0,6,0,10,0,0,0,4,0,7,0,0,0,21,1,17,0,49,2,15,1,24,1,18,1,3,0,0,0,2581,29699,50,0,29,0,147,6,50,29,153,232,0.9827586206896552,0.0172413793103448,0,88.0,88.0,88.0
ESG FPT 2024.txt,20,0,8,0,13,0,11,0,5,0,2,0,0,0,2,0,7,0,12,0,0,0,5,0,8,0,0,0,25,1,20,0,58,2,18,1,29,1,21,1,4,0,0,0,3012,34681,59,0,34,0,175,6,59,34,181,274,0.9866666666666668,0.0133333333333333,0,88.0,88.0,88.0
ESG GCF 2024.txt,21,1,9,0,14,1,10,0,5,0,2,0,0,0,2,0,8,0,13,0,0,0,5,0,9,0,0,0,27,2,22,1,62,3,19,2,31,2,23,2,3,1,0,0,3335,38361,61,2,37,0,187,13,63,37,200,300,0.9333333333333332,0.0666666666666666,0,86.6,88.0,87.3
ESG Home-Credit 2022.txt,15,3,6,1,9,1,7,1,3,1,1,0,0,0,2,1,5,1,8,2,0,0,3,1,6,2,0,0,19,3,15,1,44,5,14,2,22,2,17,2,3,1,0,0,2696,31010,41,7,24,7,134,16,48,31,150,229,0.875816993464052,0.1241830065359477,0,80.3,78.2,86.6
ESG Miza 2022.txt,5,1,2,0,3,0,2,0,1,0,0,0,0,0,1,0,2,0,3,0,0,0,1,0,2,0,0,0,7,1,6,0,17,2,5,1,8,1,6,1,1,0,0,0,856,9848,13,1,9,0,50,6,14,9,56,79,0.8455696202531646,0.1544303797468354,0,77.9,85.3,85.3
ESG NVL 2021.txt,18,1,8,0,12,0,9,0,4,0,2,0,0,0,2,0,6,0,9,0,0,0,3,0,6,0,0,0,22,1,18,0,51,2,16,1,26,1,19,1,3,0,0,0,2810,32325,53,1,26,0,155,6,54,26,161,241,0.975103734439834,0.0248962655601659,0,88.0,88.0,88.0
ESG NVL 2022.txt,14,0,6,0,9,0,7,0,3,0,1,0,0,0,1,0,4,0,7,0,0,0,2,0,5,0,0,0,17,1,14,0,40,2,12,1,20,1,15,1,2,0,0,0,2048,23560,40,0,19,0,120,6,40,19,126,185,0.9864864864864864,0.0135135135135135,0,88.0,88.0,88.0
ESG PAN 2020.txt,9,2,3,0,5,1,4,1,2,1,1,0,0,0,1,1,3,1,5,2,0,0,2,1,4,2,0,0,12,2,9,1,26,3,8,2,13,2,10,2,2,1,0,0,2764,31813,24,5,15,7,80,13,29,22,93,144,0.8958333333333334,0.1041666666666666,1,51.5,53.1,57.2
ESG PAN 2021.txt,9,3,3,1,5,2,4,2,2,2,1,0,0,0,1,1,3,1,5,3,0,0,2,1,4,3,0,0,12,3,9,2,26,4,8,3,13,3,10,3,2,2,0,0,2791,32121,24,10,15,9,80,20,34,24,100,158,0.8734177215189873,0.1265822784810127,1,47.6,51.8,57.2
ESG PAN 2022.txt,10,2,4,0,6,1,4,1,2,1,1,0,0,0,1,1,3,1,6,2,0,0,2,1,4,2,0,0,13,2,10,1,29,3,9,2,14,2,11,2,2,1,0,0,3074,35368,27,5,16,7,89,13,32,23,102,157,0.8980891719745223,0.1019108280254777,1,51.8,54.3,60.4
ESG PAN 2023.txt,7,2,2,0,4,1,3,1,1,1,0,0,0,0,1,1,2,1,4,2,0,0,1,1,3,2,0,0,9,2,7,1,20,3,6,2,10,2,8,2,1,1,0,0,1492,17166,17,5,11,7,61,13,22,18,74,114,0.8684210526315789,0.131578947368421,0,79.4,77.9,82.6
ESG Pan 2024.txt,16,1,6,0,10,0,7,0,3,0,1,0,0,0,2,0,5,0,8,0,0,0,3,0,6,0,0,0,18,1,15,0,41,2,13,1,21,1,16,1,2,0,0,0,4304,49537,43,1,24,0,126,6,44,24,132,200,0.9387755102040816,0.0612244897959183,1,58.5,63.1,65.0
ESG PLX 2022.txt,25,3,10,1,16,2,12,1,6,1,3,0,0,0,3,1,8,1,13,2,0,0,5,1,9,2,0,0,31,4,25,2,71,7,23,3,37,3,28,3,5,2,0,0,3855,44349,72,8,38,7,226,24,80,45,250,375,0.9173333333333332,0.0826666666666666,3,91.8,87.9,94.1
ESG PLX 2023.txt,21,1,8,0,13,1,10,0,5,0,2,0,0,0,2,0,6,0,10,0,0,0,4,0,7,0,0,0,25,1,20,0,57,2,18,1,29,1,21,1,4,0,0,0,2190,25205,59,2,29,0,174,6,61,29,180,270,0.9444444444444444,0.0555555555555555,0,86.2,88.0,87.3
ESG PNJ 2019.txt,15,2,6,1,10,1,7,1,4,1,2,0,0,0,2,0,5,0,8,1,0,0,3,0,6,0,0,0,19,2,15,1,43,4,14,2,22,2,17,2,3,1,0,0,2570,29562,44,6,24,1,133,14,50,25,147,222,0.927927927927928,0.072072072072072,0,84.2,86.6,85.9
ESG PNJ 2020.txt,17,2,7,1,12,1,8,1,5,1,2,0,0,0,2,0,6,0,9,1,0,0,4,0,7,0,0,0,23,2,18,1,52,4,17,2,27,2,20,2,4,1,0,0,2998,34488,51,6,28,1,161,14,57,29,175,261,0.9482758620689656,0.0517241379310344,0,86.1,88.0,86.6
ESG PNJ 2021.txt,12,4,5,2,8,2,6,2,3,2,1,0,0,0,1,1,4,1,6,2,0,0,2,1,5,2,0,0,15,3,12,2,34,5,11,3,17,3,13,3,3,2,0,0,1354,15577,35,12,18,7,105,21,47,25,126,198,0.8409090909090909,0.159090909090909,0,76.9,79.4,82.6
ESG PNJ 2022.txt,0,0,0,0,0,0,0,0,0,0,0,0,0,0,0,0,0,0,0,0,0,0,0,0,0,0,0,0,1,0,1,0,1,0,0,0,0,0,0,0,0,0,0,0,2,212,0,0,0,0,3,0,0,0,3,3,1.0,0.0,0,35.0,35.0,88.0
ESG PNJ 2023.txt,17,1,7,0,11,0,8,0,4,0,2,0,0,0,2,0,6,0,9,0,0,0,3,0,6,0,0,0,22,1,18,0,50,2,16,1,25,1,19,1,3,0,0,0,1784,20534,49,1,26,0,153,6,50,26,159,235,0.9616170212765957,0.0382978723404255,0,86.8,88.0,87.6
ESG PNJ 2024.txt,22,1,9,0,14,0,10,0,5,0,3,0,0,0,3,0,8,0,13,0,0,0,4,0,8,0,0,0,28,2,22,1,64,3,20,2,32,2,24,2,4,1,0,0,3200,36827,63,1,36,0,194,11,64,36,205,305,0.9672131147540984,0.0327868852459016,0,88.0,88.0,88.0
ESG PVN 2022.txt,28,2,11,1,18,1,13,1,6,1,3,0,0,0,3,0,9,0,14,0,0,0,5,0,8,0,0,0,34,2,27,1,77,4,25,2,40,2,30,2,5,1,0,0,4219,48517,79,6,39,0,238,14,85,39,252,376,0.9473684210526316,0.0526315789473684,3,95.0,88.0,95.0
ESG PVN 2023.txt,23,3,9,1,15,2,11,1,5,1,2,0,0,0,2,1,7,1,12,1,0,0,4,1,7,1,0,0,29,3,23,2,66,5,21,3,34,3,26,3,4,2,0,0,3651,41979,65,8,32,5,203,21,73,37,224,334,0.9161676646706588,0.0838323353293413,1,54.8,57.7,61.1
ESG SAB 2024.txt,20,1,8,0,13,0,9,0,4,0,2,0,0,0,2,0,6,0,10,0,0,0,4,0,7,0,0,0,24,1,19,0,54,2,17,1,27,1,20,1,3,0,0,0,3025,34806,56,1,29,0,164,6,57,29,170,256,0.9141541038525132,0.0858458961474868,0,83.9,88.0,87.3
ESG TCB 2024.txt,17,0,7,0,11,0,8,0,4,0,2,0,0,0,2,0,6,0,9,0,0,0,3,0,6,0,0,0,21,1,17,0,48,2,15,1,24,1,18,1,3,0,0,0,1784,20534,49,0,26,0,146,6,49,26,152,227,0.9647577092511012,0.0352422907488986,0,88.0,88.0,87.6
ESG TRA 2019.txt,19,1,8,0,12,0,9,0,4,0,2,0,0,0,2,0,6,0,10,0,0,0,4,0,7,0,0,0,23,1,19,0,53,2,17,1,27,1,20,1,4,0,0,0,2849,32790,54,1,29,0,163,6,55,29,169,253,0.9445946188340808,0.0554053811659192,0,86.1,88.0,87.3
ESG Vingroup 2022.txt,35,2,14,1,23,1,17,1,8,1,4,0,0,0,4,0,12,0,19,0,0,0,7,0,14,0,0,0,51,3,41,1,117,6,38,2,60,2,46,2,7,1,0,0,5651,65046,101,6,56,0,360,17,107,56,377,540,0.9601851851851853,0.0398148148148148,3,95.0,88.0,95.0
ESG Vingroup 2023.txt,33,2,13,1,21,1,16,1,7,1,3,0,0,0,3,0,11,0,17,0,0,0,6,0,13,0,0,0,48,3,38,1,110,6,36,2,56,2,43,2,6,1,0,0,8053,92661,93,6,50,0,341,17,99,50,358,507,0.9507669616519177,0.0492330483480825,2,73.3,74.6,73.5
ESG VNM 2021.txt,30,2,12,1,19,1,14,1,7,1,3,0,0,0,3,0,10,0,16,0,0,0,6,0,12,0,0,0,45,3,36,1,102,5,33,2,52,2,40,2,6,1,0,0,5470,62962,85,6,47,0,314,16,91,47,330,468,0.9444444444444444,0.0555555555555555,3,95.0,88.0,95.0
ESG VNM 2022.txt,22,3,8,1,14,2,10,2,5,2,2,0,0,0,2,1,7,1,11,2,0,0,4,1,8,2,0,0,30,4,24,3,68,7,22,4,35,4,27,4,4,3,0,0,3236,37219,61,10,32,7,210,29,71,39,239,349,0.8937825072046109,0.106217492795389,1,50.8,53.1,60.4
ESG VNM 2023.txt,38,1,15,0,24,0,17,0,9,0,4,0,0,0,4,0,13,0,21,0,0,0,8,0,16,0,0,0,54,2,43,1,123,4,40,2,63,2,48,2,7,1,0,0,6628,76244,107,1,62,0,378,14,108,62,392,562,0.9446619217081852,0.0553380782918149,3,95.0,88.0,95.0
ESG VNM 2024.txt,32,2,13,1,20,1,15,1,8,1,3,0,0,0,3,0,11,0,18,0,0,0,7,0,14,0,0,0,48,3,38,1,109,5,35,2,56,2,42,2,6,1,0,0,5088,58565,91,6,53,0,344,16,97,53,360,510,0.9353846153846154,0.0646153846153846,3,95.0,88.0,95.0
AR BBC 2023.txt_noise_1,2,1,0,0,11,0,12,0,2,1,4,0,0,1,0,0,2,0,8,2,0,0,2,0,5,2,0,0,34,10,16,1,103,14,5,4,22,5,21,3,39,19,1,2,3699,48853,29,3,17,4,245,58,32,22,313,368,0.810727636949363,0.18467864345434154,2,70.7,65.8,66.3
AR BBC 2024.txt_noise_1,6,3,1,0,22,2,15,3,2,0,5,0,0,0,0,0,9,1,16,1,0,0,5,0,14,2,0,0,95,10,72,0,215,10,15,5,58,3,72,4,32,11,0,0,5412,84636,49,8,45,4,558,43,63,49,609,707,0.9176416720303127,0.08225490707726908,2,68.3,71.2,72.8
AR BID 2024.txt_noise_1,44,3,21,0,25,5,12,0,10,3,4,0,0,0,3,0,30,0,57,4,0,0,24,2,21,4,1,0,78,4,51,1,197,9,59,4,155,0,54,1,2,0,0,0,6544,87282,115,11,130,10,598,19,128,150,619,943,0.954069971122679,0.055752078210727474,1,59.8,60.7,64.8
AR DPM 2023.txt_noise_1,14,1,0,0,14,1,2,0,7,1,2,0,0,0,0,0,5,0,12,0,0,0,3,0,6,0,0,0,81,3,79,2,195,4,46,2,75,2,38,1,0,0,0,0,3621,45739,40,3,26,0,492,15,43,24,523,571,0.9744744366272049,0.025765213758249195,2,71.6,75.1,75.2
AR DPM 2024.txt_noise_1,34,1,18,0,29,0,18,1,10,0,3,0,0,0,6,0,9,0,17,1,0,0,6,0,6,1,0,0,99,13,80,4,218,21,59,10,79,8,91,14,0,0,0,0,5890,72789,111,2,45,2,627,70,118,49,712,873,0.9075290903788469,0.08691420541667681,2,74.6,73.2,71.8
AR HSG 2024.txt_noise_1,17,0,9,0,14,1,22,0,8,1,3,0,0,0,3,0,8,0,12,1,0,0,5,0,5,0,0,0,76,5,62,3,156,8,65,5,96,8,57,4,1,0,0,0,3955,47363,76,2,32,1,497,33,73,33,533,672,0.9605090651047467,0.04518684995343617,2,71.6,72.2,74.9
AR SAB 2021.txt_noise_1,25,1,12,1,18,0,17,1,5,0,1,0,0,0,3,0,11,0,20,1,0,0,5,0,10,0,0,0,84,6,60,2,174,13,51,7,82,2,62,8,2,1,0,0,4346,49418,72,3,52,1,552,38,84,52,604,738,0.922192549203185,0.08069787800671592,2,74.2,75.3,72.2
AR SAB 2022.txt_noise_1,24,2,9,0,17,1,19,1,4,0,1,0,0,0,2,0,10,0,18,1,0,0,6,0,8,0,0,0,78,7,65,2,172,13,51,4,81,3,62,7,3,3,0,0,3968,50242,78,4,44,1,534,43,81,45,543,644,0.9269766452411433,0.07081180632118829,2,71.7,71.5,72.8
AR SAB 2023.txt_noise_1,25,2,11,0,17,1,19,1,4,0,1,0,0,0,2,0,11,0,21,1,0,0,7,0,9,0,0,0,84,6,68,2,172,14,54,5,79,3,61,7,3,3,0,0,4572,53315,72,4,48,1,561,38,81,49,590,748,0.9270004512881936,0.05992538968941509,2,72.1,75.0,73.6
AR SCB 2024.txt_noise_1,32,2,10,0,20,1,16,2,8,1,2,0,0,0,5,0,17,0,25,2,0,0,9,0,9,1,0,0,98,10,78,3,198,16,61,7,85,6,67,8,2,3,0,0,5672,70704,87,6,62,3,591,56,91,70,670,812,0.8610741419485425,0.14333788450527551,2,72.2,73.1,68.9
AR TCM 2023.txt_noise_1,26,0,7,0,12,0,13,0,8,0,0,0,0,0,1,0,4,0,5,0,0,0,2,0,1,0,0,0,55,6,37,0,103,10,26,2,42,2,37,2,0,0,0,0,2829,29787,64,0,13,0,302,22,64,13,323,411,0.8564351039837876,0.14856095910086026,2,70.3,57.5,69.5
AR TRA 2024.txt_noise_1,22,2,9,0,17,1,17,1,5,0,1,0,0,0,3,0,11,0,20,1,0,0,6,0,9,0,0,0,80,7,70,2,169,12,54,5,87,3,67,8,3,3,0,0,4883,57246,73,4,49,1,484,36,79,50,554,686,0.9402224436097679,0.05900884449044135,2,72.2,74.2,73.3
AR VinGroup 2024.txt_noise_1,43,4,19,1,31,3,27,2,11,1,5,0,0,0,7,1,18,1,32,3,0,0,9,1,11,2,0,0,159,21,138,7,362,23,91,12,134,11,114,13,2,2,0,0,8939,115382,133,11,79,8,990,90,147,90,1098,1317,0.9227278678278786,0.07034762559222263,2,72.7,70.7,72.8
ESG ACB 2022.txt_noise_1,10,1,5,0,8,0,6,0,3,0,1,0,0,0,1,0,4,0,7,0,0,0,3,0,5,0,0,0,17,1,13,0,39,2,12,1,20,1,14,1,2,0,0,0,1262,15657,34,1,21,0,117,6,36,20,133,172,0.9308305576345381,0.06455289243975545,0,85.2,85.2,87.5
ESG ACB 2023.txt_noise_1,29,2,12,1,18,1,13,0,6,0,2,0,0,0,3,0,10,0,15,0,0,0,7,0,12,0,0,0,39,2,33,1,97,5,31,3,50,3,39,3,4,1,0,0,3388,35986,79,4,48,0,288,17,78,49,311,470,0.9424639017229446,0.05718158664789916,0,85.6,87.6,87.6
ESG ACB 2024.txt_noise_1,35,1,15,0,22,1,15,0,7,0,3,0,0,0,4,0,13,0,17,0,0,0,8,0,14,0,0,0,50,3,38,1,115,6,37,4,60,4,49,4,6,2,0,0,4105,47645,103,2,59,0,377,23,107,57,358,540,0.9749480622776637,0.025690305288391793,0,87.9,87.2,87.6
ESG BID 2023.txt_noise_1,35,2,14,1,24,1,16,0,8,0,4,0,0,0,5,0,13,0,19,0,0,0,9,0,16,0,0,0,53,3,44,1,128,7,40,4,66,4,51,4,7,2,0,0,4480,49406,103,4,66,0,372,25,110,59,392,527,0.9688535296585628,0.03533214659066936,0,87.9,87.6,87.8
ESG CTR 2024.txt_noise_1,9,2,4,0,6,0,5,0,2,0,1,0,0,0,1,0,3,0,5,0,0,0,2,0,4,0,0,0,13,1,12,0,32,2,10,1,17,1,13,1,2,0,0,0,1239,14248,30,2,15,0,101,6,30,15,106,155,0.9300091080465404,0.07312923580555103,0,84.7,85.3,86.9
ESG FPT 2023.txt_noise_1,18,0,7,0,12,0,9,0,4,0,2,0,0,0,2,0,6,0,11,0,0,0,4,0,7,0,0,0,21,1,17,0,50,2,16,1,24,1,19,1,3,0,0,0,2566,29848,50,0,28,0,156,6,48,26,149,220,0.9893266813302007,0.021280647667715334,0,87.9,88.5,88.2
ESG FPT 2024.txt_noise_1,20,0,9,0,12,0,12,0,5,0,2,0,0,0,2,0,7,0,12,0,0,0,5,0,7,0,0,0,25,1,19,0,55,2,18,1,30,1,21,1,4,0,0,0,3077,34749,59,0,33,0,187,6,57,33,187,271,0.9916576349573617,0.010639370836357825,0,88.1,87.8,88.4
ESG GCF 2024.txt_noise_1,20,1,9,0,14,1,10,0,5,0,2,0,0,0,2,0,9,0,13,0,0,0,5,0,9,0,0,0,27,2,22,1,57,3,20,2,33,2,22,2,3,1,0,0,3358,36192,61,2,36,0,195,13,60,37,210,302,0.9426106514932601,0.06823993802424408,0,86.6,87.9,87.3
ESG Home-Credit 2022.txt_noise_1,15,3,6,1,9,1,7,1,3,1,1,0,0,0,2,1,5,1,8,2,0,0,3,1,6,2,0,0,19,3,15,1,45,5,13,2,22,2,17,2,3,1,0,0,2483,29845,41,7,25,7,141,16,51,31,148,223,0.8746071147180995,0.12263029926178279,0,80.3,78.2,86.6
ESG Miza 2022.txt_noise_1,5,1,2,0,3,0,2,0,1,0,0,0,0,0,1,0,2,0,3,0,0,0,1,0,2,0,0,0,7,1,6,0,18,2,5,1,8,1,6,1,1,0,0,0,901,10463,13,1,9,0,54,6,14,9,53,76,0.8503712758849423,0.15180280263094983,0,77.7,85.4,85.5
ESG NVL 2021.txt_noise_1,19,1,8,0,13,0,9,0,4,0,2,0,0,0,2,0,6,0,9,0,0,0,3,0,6,0,0,0,23,1,18,0,52,2,17,1,27,1,20,1,3,0,0,0,2876,33926,53,1,28,0,171,6,50,27,163,253,0.9777964598449138,0.024342441624230805,0,87.8,88.0,87.8
ESG NVL 2022.txt_noise_1,14,0,6,0,9,0,7,0,3,0,1,0,0,0,1,0,4,0,7,0,0,0,2,0,5,0,0,0,17,1,15,0,43,2,12,1,21,1,15,1,2,0,0,0,2055,24952,38,0,18,0,120,6,42,19,121,199,0.9913706212685878,0.015841904327387964,0,88.0,87.8,87.9
ESG PAN 2020.txt_noise_1,9,2,3,0,5,1,4,1,2,1,1,0,0,0,1,1,3,1,5,2,0,0,2,1,4,2,0,0,12,2,9,1,25,3,8,2,13,2,10,2,2,1,0,0,2706,32824,23,5,14,7,80,12,30,21,90,145,0.9004278827310482,0.10010337939075302,1,51.5,53.2,57.3
ESG PAN 2021.txt_noise_1,9,3,3,1,5,2,4,2,2,2,1,0,0,0,1,1,3,1,5,3,0,0,2,1,4,3,0,0,12,3,9,2,26,4,8,3,13,3,11,3,2,2,0,0,2845,31034,23,10,15,9,77,20,37,23,100,167,0.8730991559540044,0.12839176566601163,1,47.4,51.9,57.2
ESG PAN 2022.txt_noise_1,10,2,4,0,6,1,4,1,2,1,1,0,0,0,1,1,3,1,6,2,0,0,2,1,4,2,0,0,13,2,11,1,28,3,9,2,14,2,12,2,2,1,0,0,3016,36601,26,5,17,7,87,13,32,23,104,161,0.9025279713423472,0.10355010265319174,1,51.8,54.4,60.8
ESG PAN 2023.txt_noise_1,7,2,2,0,4,1,3,1,1,1,0,0,0,0,1,1,2,1,4,2,0,0,1,1,3,2,0,0,9,2,7,1,20,3,6,2,10,2,8,2,1,1,0,0,1453,15909,17,5,11,7,65,14,23,19,74,107,0.8674368026790591,0.12820596098715623,0,79.8,77.9,82.6
ESG Pan 2024.txt_noise_1,16,1,6,0,10,0,7,0,3,0,1,0,0,0,2,0,5,0,8,0,0,0,3,0,6,0,0,0,17,1,15,0,41,2,12,1,20,1,16,1,2,0,0,0,4458,49005,41,1,23,0,121,6,44,24,129,201,0.9405432728023592,0.05686289348614691,1,58.8,63.1,65.0
ESG PLX 2022.txt_noise_1,26,3,10,1,16,2,11,1,6,1,3,0,0,0,3,1,8,1,14,2,0,0,5,1,9,2,0,0,31,4,25,2,73,7,24,3,39,3,27,3,5,2,0,0,4057,46825,70,8,35,7,235,26,76,44,250,379,0.9140949192536466,0.08436291084452295,3,91.7,87.9,94.2
ESG PLX 2023.txt_noise_1,21,1,8,0,13,1,11,0,5,0,2,0,0,0,2,0,6,0,10,0,0,0,4,0,7,0,0,0,25,1,21,0,58,2,17,1,29,1,23,1,4,0,0,0,2058,25461,60,2,29,0,171,6,60,30,177,274,0.9443273931897045,0.06005975655864417,0,86.2,87.6,87.6
ESG PNJ 2019.txt_noise_1,14,2,6,1,9,1,7,1,4,1,2,0,0,0,2,0,5,0,8,1,0,0,3,0,6,0,0,0,18,2,15,1,45,4,14,2,21,2,18,2,3,1,0,0,2567,28519,44,6,23,1,129,14,46,25,147,215,0.9305649106016576,0.07582235262257823,0,83.9,86.4,85.7
ESG PNJ 2020.txt_noise_1,16,2,7,1,11,1,8,1,5,1,2,0,0,0,2,0,6,0,9,1,0,0,4,0,7,0,0,0,23,2,18,1,54,4,17,2,27,2,19,2,4,1,0,0,3103,34850,51,6,28,1,160,14,56,26,174,276,0.951980723677932,0.05558572786939908,0,86.3,88.0,86.6
ESG PNJ 2021.txt_noise_1,12,4,5,2,8,2,6,2,3,2,1,0,0,0,1,1,4,1,6,2,0,0,2,1,5,2,0,0,14,3,11,2,33,5,11,3,17,3,13,3,3,2,0,0,1215,15458,38,12,18,7,105,21,45,26,130,204,0.8426629938643299,0.15916937572168496,0,77.0,79.5,82.5
ESG PNJ 2022.txt_noise_1,0,0,0,0,0,0,0,0,0,0,0,0,0,0,0,0,0,0,0,0,0,0,0,0,0,0,0,0,1,0,1,0,1,0,0,0,0,0,0,0,0,0,0,0,2,210,0,0,0,0,3,0,0,0,3,3,1.0,0.00809723849314741,0,34.7,35.0,87.9
ESG PNJ 2023.txt_noise_1,17,1,7,0,12,0,8,0,4,0,2,0,0,0,2,0,6,0,9,0,0,0,3,0,6,0,0,0,21,1,19,0,46,2,16,1,23,1,18,1,3,0,0,0,1792,21014,53,1,28,0,147,6,50,27,158,249,0.9558123185163894,0.03824951654904128,0,86.5,88.1,87.8
ESG PNJ 2024.txt_noise_1,22,1,9,0,14,0,10,0,5,0,3,0,0,0,3,0,8,0,12,0,0,0,4,0,8,0,0,0,29,2,22,1,68,3,21,2,31,2,25,2,4,1,0,0,3072,36261,64,1,40,0,193,11,66,36,220,308,0.969204087110464,0.03545058225411944,0,88.1,88.2,87.9
ESG PVN 2022.txt_noise_1,27,2,11,1,18,1,13,1,6,1,3,0,0,0,3,0,9,0,14,0,0,0,5,0,8,0,0,0,33,2,28,1,80,4,26,2,42,2,30,2,5,1,0,0,3962,50676,77,6,38,0,227,15,84,38,254,384,0.9518380163162414,0.0584255758669401,3,94.9,87.7,94.9
ESG PVN 2023.txt_noise_1,23,3,9,1,15,2,11,1,5,1,2,0,0,0,2,1,7,1,12,1,0,0,4,1,7,1,0,0,30,3,22,2,70,5,20,3,34,3,26,3,4,2,0,0,3645,39408,66,8,32,5,200,21,70,37,222,337,0.9146895569553254,0.08330644494665462,1,55.0,57.6,60.8
ESG SAB 2024.txt_noise_1,21,1,8,0,13,0,9,0,4,0,2,0,0,0,2,0,6,0,10,0,0,0,4,0,7,0,0,0,25,1,20,0,52,2,17,1,27,1,19,1,3,0,0,0,2959,36003,55,1,29,0,164,6,56,31,161,264,0.913038252131186,0.08472685547350346,0,84.1,88.1,87.4
ESG TCB 2024.txt_noise_1,18,0,7,0,11,0,8,0,4,0,2,0,0,0,2,0,5,0,9,0,0,0,3,0,6,0,0,0,20,1,16,0,46,2,15,1,25,1,18,1,3,0,0,0,1815,19402,48,0,28,0,135,6,50,25,155,203,0.9647712112774898,0.03655357544027094,0,88.2,87.8,87.6
ESG TRA 2019.txt_noise_1,18,1,8,0,12,0,9,0,4,0,2,0,0,0,2,0,6,0,10,0,0,0,4,0,7,0,0,0,24,1,19,0,55,2,17,1,28,1,18,1,4,0,0,0,2780,29897,56,1,30,0,162,6,56,30,164,254,0.9464237404525417,0.061228670454506265,0,86.2,88.2,87.3
ESG Vingroup 2022.txt_noise_1,37,2,14,1,24,1,17,1,8,1,4,0,0,0,4,0,12,0,19,0,0,0,7,0,13,0,0,0,54,3,43,1,121,6,39,2,61,2,44,2,7,1,0,0,5372,66483,104,6,57,0,352,16,99,57,353,542,0.9591313923208562,0.042531385916567584,3,94.9,87.9,95.1
ESG Vingroup 2023.txt_noise_1,33,2,13,1,22,1,15,1,7,1,3,0,0,0,3,0,11,0,18,0,0,0,6,0,13,0,0,0,49,3,39,1,113,6,35,2,60,2,41,2,6,1,0,0,7814,90862,98,6,51,0,368,17,98,51,380,524,0.9524264236533653,0.05108620246855493,2,73.3,74.7,73.0
ESG VNM 2021.txt_noise_1,30,2,11,1,19,1,15,1,7,1,3,0,0,0,3,0,10,0,16,0,0,0,6,0,12,0,0,0,42,3,36,1,101,5,34,2,51,2,38,2,6,1,0,0,5510,64461,83,6,45,0,303,16,84,46,334,471,0.9552165791003664,0.05695475565382713,3,94.8,88.0,94.6
ESG VNM 2022.txt_noise_1,22,3,8,1,14,2,11,2,5,2,2,0,0,0,2,1,7,1,11,2,0,0,4,1,7,2,0,0,30,4,26,3,74,7,22,4,37,4,27,4,4,3,0,0,3165,38460,58,10,34,7,204,29,74,39,234,356,0.8893733386052652,0.10894293083716079,1,50.9,53.0,60.2
ESG VNM 2023.txt_noise_1,37,1,16,0,24,0,17,0,9,0,4,0,0,0,4,0,13,0,21,0,0,0,8,0,15,0,0,0,62,2,46,1,124,4,39,2,64,2,49,2,7,1,0,0,6723,74015,110,1,67,0,388,14,114,60,404,558,0.9444051689997512,0.05570508822960839,3,95.1,88.0,95.0
ESG VNM 2024.txt_noise_1,34,2,13,1,19,1,16,1,8,1,3,0,0,0,3,0,11,0,18,0,0,0,7,0,14,0,0,0,50,3,40,1,105,5,34,2,59,2,43,2,6,1,0,0,4810,63220,94,6,56,0,351,16,98,56,371,516,0.9287650656397022,0.06077519943426675,3,95.0,88.0,94.8
AR BBC 2023.txt_noise_2,2,1,0,0,11,0,11,0,2,1,4,0,0,1,0,0,2,0,7,2,0,0,2,0,5,2,0,0,31,10,16,1,101,15,5,4,22,5,22,3,38,17,1,2,3778,50420,31,3,17,4,240,60,33,21,304,365,0.8058847419279437,0.19055178921757,2,70.5,65.7,66.6
AR BBC 2024.txt_noise_2,6,3,1,0,22,2,14,3,2,0,5,0,0,0,0,0,10,1,17,1,0,0,5,0,14,2,0,0,94,10,72,0,201,10,16,5,57,3,67,4,31,11,0,0,5142,82726,51,8,45,4,543,44,61,51,584,718,0.9171438180057562,0.0799731770639117,2,68.2,70.6,72.8
AR BID 2024.txt_noise_2,42,3,20,0,26,5,12,0,12,3,4,0,0,0,3,0,31,0,55,4,0,0,25,2,22,4,1,0,76,4,48,1,190,9,56,4,158,0,54,1,2,0,0,0,5923,77111,117,12,137,10,611,19,123,138,576,877,0.9557608124153113,0.04448490686430944,1,59.6,60.7,65.1
AR DPM 2023.txt_noise_2,13,1,0,0,13,1,2,0,7,1,2,0,0,0,0,0,5,0,12,0,0,0,3,0,6,0,0,0,78,3,78,2,182,4,45,2,78,2,43,1,0,0,0,0,3533,46098,38,3,25,0,533,14,42,25,501,616,0.9741820993036413,0.028779218634469823,2,71.5,74.6,74.8
AR DPM 2024.txt_noise_2,39,1,18,0,26,0,20,1,10,0,3,0,0,0,6,0,8,0,19,1,0,0,6,0,6,1,0,0,95,13,87,4,233,21,58,10,81,8,83,16,0,0,0,0,5856,74886,114,2,46,2,640,67,121,47,684,831,0.9096929149268469,0.09482905495805684,2,74.0,73.4,71.9
AR HSG 2024.txt_noise_2,16,0,10,0,13,1,21,0,8,1,3,0,0,0,3,0,8,0,12,1,0,0,5,0,5,0,0,0,73,5,65,3,158,8,63,5,98,7,62,4,1,0,0,0,4069,50142,74,2,31,1,498,35,73,35,566,654,0.9523005239654319,0.044258259037879284,2,71.6,72.1,74.9
AR SAB 2021.txt_noise_2,25,1,11,1,17,0,15,1,5,0,1,0,0,0,3,0,11,0,23,1,0,0,5,0,10,0,0,0,83,6,63,2,176,12,54,7,79,2,63,9,2,1,0,0,4158,52763,79,3,51,1,467,39,80,52,604,671,0.9215761018408413,0.08477780741171743,2,73.9,74.9,72.4
AR SAB 2022.txt_noise_2,24,2,9,0,18,1,18,1,4,0,1,0,0,0,2,0,10,0,20,1,0,0,6,0,8,0,0,0,83,7,68,2,178,12,50,4,80,3,56,8,3,3,0,0,4666,57543,74,4,44,1,518,38,77,45,563,686,0.9263718246596643,0.0695947890367391,2,71.9,71.3,73.2
AR SAB 2023.txt_noise_2,21,2,12,0,15,1,18,1,4,0,1,0,0,0,2,0,11,0,23,1,0,0,7,0,9,0,0,0,77,6,68,2,180,15,53,5,76,3,66,7,3,3,0,0,4127,53865,79,4,48,1,584,36,75,54,621,704,0.9319308184785963,0.07149634471853364,2,72.3,75.1,73.3
AR SCB 2024.txt_noise_2,33,2,10,0,21,1,17,2,8,1,2,0,0,0,5,0,16,0,27,2,0,0,8,0,8,1,0,0,96,11,76,3,199,17,57,7,80,6,67,8,2,3,0,0,6027,64566,89,6,63,3,611,53,99,70,695,752,0.8586038916574574,0.15101880478329271,2,72.2,73.7,68.7
AR TCM 2023.txt_noise_2,25,0,7,0,11,0,13,0,8,0,0,0,0,0,1,0,4,0,5,0,0,0,2,0,1,0,0,0,60,6,36,0,101,11,27,2,48,2,38,2,0,0,0,0,2561,28753,61,0,13,0,304,23,65,13,321,411,0.8589115740376897,0.14257370101416125,2,70.4,57.3,69.7
AR TRA 2024.txt_noise_2,24,2,9,0,19,1,16,1,5,0,1,0,0,0,3,0,11,0,21,1,0,0,6,0,9,0,0,0,85,7,68,2,188,14,55,5,79,3,65,8,3,3,0,0,4651,57687,71,4,50,1,490,36,78,46,581,681,0.9518044886667002,0.07039954821414324,2,72.4,74.2,73.7
AR VinGroup 2024.txt_noise_2,45,4,17,1,32,3,26,2,11,1,5,0,0,0,7,1,18,1,31,3,0,0,9,1,11,2,0,0,153,21,127,7,340,23,84,11,148,10,111,13,2,2,0,0,9213,111989,140,11,76,8,956,85,140,80,1083,1198,0.9180947553486501,0.06868911728997247,2,72.6,70.7,72.6
ESG ACB 2022.txt_noise_2,11,1,5,0,8,0,6,0,3,0,1,0,0,0,1,0,4,0,7,0,0,0,3,0,5,0,0,0,15,1,13,0,35,2,12,1,20,1,15,1,2,0,0,0,1253,15358,36,1,20,0,120,6,34,20,127,179,0.9290823624205043,0.0658042237239149,0,85.2,85.2,87.5
ESG ACB 2023.txt_noise_2,26,2,12,1,18,1,12,0,6,0,2,0,0,0,3,0,10,0,15,0,0,0,7,0,13,0,0,0,40,2,30,1,100,5,30,3,48,3,37,3,4,1,0,0,3211,37415,81,4,49,0,264,17,85,51,312,440,0.9452135732563005,0.05408051035020028,0,85.6,87.6,87.4
ESG ACB 2024.txt_noise_2,37,1,16,0,23,1,15,0,7,0,3,0,0,0,4,0,13,0,19,0,0,0,8,0,13,0,0,0,52,3,40,1,124,6,36,4,60,4,45,4,6,2,0,0,3988,44075,100,2,62,0,348,23,100,56,397,541,0.9747457419519291,0.02988949383306003,0,88.0,87.5,87.9
ESG BID 2023.txt_noise_2,37,2,14,1,24,1,16,0,8,0,4,0,0,0,5,0,14,0,19,0,0,0,9,0,15,0,0,0,54,3,42,1,121,7,39,4,61,4,49,4,7,2,0,0,4499,50612,97,4,62,0,362,25,110,61,395,614,0.9615619066206059,0.025335991905559765,0,88.2,87.2,87.9
ESG CTR 2024.txt_noise_2,10,2,4,0,6,0,5,0,2,0,1,0,0,0,1,0,3,0,5,0,0,0,2,0,4,0,0,0,13,1,12,0,33,2,10,1,17,1,12,1,2,0,0,0,1286,14027,26,2,15,0,99,6,30,15,109,147,0.9365160231968015,0.06255211329408168,0,85.0,85.3,87.5
ESG FPT 2023.txt_noise_2,17,0,7,0,12,0,9,0,4,0,2,0,0,0,2,0,6,0,10,0,0,0,4,0,7,0,0,0,21,1,16,0,47,2,15,1,24,1,17,1,3,0,0,0,2581,30971,53,0,29,0,149,6,50,30,163,236,0.9840052321136744,0.011165736009984528,0,87.5,88.1,88.0
ESG FPT 2024.txt_noise_2,20,0,8,0,13,0,11,0,5,0,2,0,0,0,2,0,7,0,12,0,0,0,5,0,8,0,0,0,25,1,21,0,59,2,17,1,28,1,23,1,4,0,0,0,3167,31315,53,0,35,0,154,6,60,33,174,263,0.9871088079365625,0.010828072228601271,0,88.1,87.4,87.8
ESG GCF 2024.txt_noise_2,20,1,9,0,13,1,10,0,5,0,2,0,0,0,2,0,8,0,13,0,0,0,5,0,9,0,0,0,27,2,22,1,64,3,20,2,29,2,25,2,3,1,0,0,3189,38720,64,2,39,0,180,14,62,38,198,299,0.9353075741506705,0.06783025489702663,0,86.2,87.8,87.5
ESG Home-Credit 2022.txt_noise_2,15,3,6,1,8,1,7,1,3,1,1,0,0,0,2,1,5,1,8,2,0,0,3,1,6,2,0,0,18,3,15,1,42,5,13,2,21,2,17,2,3,1,0,0,2652,32258,39,7,24,7,134,16,50,30,145,238,0.8734348537233165,0.12778513884527407,0,80.6,78.1,86.7
ESG Miza 2022.txt_noise_2,5,1,2,0,3,0,2,0,1,0,0,0,0,0,1,0,2,0,3,0,0,0,1,0,2,0,0,0,7,1,6,0,18,2,5,1,8,1,6,1,1,0,0,0,878,8914,14,1,9,0,50,6,14,9,55,77,0.839838935094206,0.15501372562769694,0,78.0,85.4,85.5
ESG NVL 2021.txt_noise_2,18,1,8,0,12,0,9,0,4,0,2,0,0,0,2,0,6,0,9,0,0,0,3,0,6,0,0,0,23,1,19,0,49,2,16,1,26,1,18,1,3,0,0,0,2942,31973,52,1,25,0,158,6,50,25,155,242,0.977026712758906,0.030883107189949827,0,87.9,87.9,88.2
ESG NVL 2022.txt_noise_2,14,0,6,0,9,0,7,0,3,0,1,0,0,0,1,0,4,0,7,0,0,0,2,0,5,0,0,0,17,1,14,0,37,2,12,1,20,1,14,1,2,0,0,0,2136,21515,38,0,18,0,122,6,41,20,127,190,0.9862083573415173,0.008765539960290522,0,88.2,87.9,87.8
ESG PAN 2020.txt_noise_2,9,2,3,0,5,1,4,1,2,1,1,0,0,0,1,1,3,1,5,2,0,0,2,1,4,2,0,0,11,2,9,1,26,3,8,2,14,2,10,2,2,1,0,0,2705,32647,23,5,14,7,83,13,30,21,98,144,0.8934476877014579,0.10296993957695687,1,51.7,53.0,57.1
ESG PAN 2021.txt_noise_2,9,3,3,1,5,2,4,2,2,2,1,0,0,0,1,1,3,1,5,3,0,0,2,1,4,3,0,0,13,3,9,2,27,4,8,3,12,3,10,3,2,2,0,0,2779,31538,26,10,15,9,84,19,33,25,102,148,0.8712605014611342,0.12812780909640495,1,47.8,51.7,56.6
ESG PAN 2022.txt_noise_2,10,2,4,0,6,1,4,1,2,1,1,0,0,0,1,1,3,1,6,2,0,0,2,1,4,2,0,0,13,2,10,1,28,3,9,2,14,2,11,2,2,1,0,0,3046,34553,29,5,15,7,86,13,30,23,102,159,0.9018943969517202,0.10401841972014088,1,51.8,54.3,60.5
ESG PAN 2023.txt_noise_2,7,2,2,0,4,1,3,1,1,1,0,0,0,0,1,1,2,1,4,2,0,0,1,1,3,2,0,0,8,2,7,1,20,3,6,2,10,2,8,2,1,1,0,0,1522,17167,17,5,11,7,58,13,22,19,73,113,0.8667935116535613,0.1294399206850437,0,79.5,77.6,82.9
ESG Pan 2024.txt_noise_2,16,1,6,0,10,0,7,0,3,0,1,0,0,0,2,0,5,0,8,0,0,0,3,0,6,0,0,0,19,1,14,0,41,2,13,1,21,1,16,1,2,0,0,0,4064,48134,43,1,23,0,133,6,45,22,135,194,0.9400048926709135,0.06023348012295946,1,58.8,62.9,65.1
ESG PLX 2022.txt_noise_2,25,3,10,1,16,2,12,1,6,1,3,0,0,0,3,1,8,1,13,2,0,0,5,1,9,2,0,0,30,4,25,2,78,7,23,3,40,3,29,3,5,2,0,0,3647,44214,67,8,38,7,221,27,84,43,252,366,0.9132754144265036,0.07730637838217086,3,91.9,87.8,94.3
ESG PLX 2023.txt_noise_2,22,1,8,0,13,1,10,0,5,0,2,0,0,0,2,0,6,0,10,0,0,0,4,0,7,0,0,0,25,1,20,0,59,2,17,1,30,1,22,1,4,0,0,0,2229,24700,58,2,27,0,182,5,65,30,177,276,0.9444570353520697,0.06047551702931023,0,86.4,87.7,87.4
ESG PNJ 2019.txt_noise_2,15,2,6,1,10,1,7,1,4,1,2,0,0,0,2,0,5,0,8,1,0,0,3,0,6,0,0,0,20,2,15,1,39,4,13,2,22,2,15,2,3,1,0,0,2738,29301,44,6,26,1,137,14,51,24,147,228,0.9403795687321034,0.07530421682968029,0,84.0,86.5,85.8
ESG PNJ 2020.txt_noise_2,16,2,7,1,13,1,8,1,5,1,2,0,0,0,2,0,6,0,9,1,0,0,4,0,7,0,0,0,22,2,19,1,53,4,18,2,29,2,20,2,4,1,0,0,2749,34458,53,6,29,1,163,14,54,28,180,261,0.9477218130905367,0.05002857776174499,0,86.0,88.2,86.5
ESG PNJ 2021.txt_noise_2,11,4,5,2,9,2,6,2,3,2,1,0,0,0,1,1,4,1,6,2,0,0,2,1,5,2,0,0,15,3,13,2,34,5,11,3,17,3,13,3,3,2,0,0,1356,14908,35,12,20,7,99,21,48,27,123,185,0.8441764389548149,0.1535685142673104,0,76.8,79.3,82.6
ESG PNJ 2022.txt_noise_2,0,0,0,0,0,0,0,0,0,0,0,0,0,0,0,0,0,0,0,0,0,0,0,0,0,0,0,0,1,0,1,0,1,0,0,0,0,0,0,0,0,0,0,0,2,202,0,0,0,0,3,0,0,0,3,3,1.0,0.0,0,35.0,35.1,88.2
ESG PNJ 2023.txt_noise_2,16,1,7,0,12,0,8,0,4,0,2,0,0,0,2,0,6,0,9,0,0,0,3,0,6,0,0,0,22,1,18,0,49,2,15,1,25,1,18,1,3,0,0,0,1852,22019,50,1,26,0,166,6,52,26,164,234,0.9582472907560904,0.04130136345803082,0,86.9,88.2,87.6
ESG PNJ 2024.txt_noise_2,21,1,9,0,13,0,10,0,5,0,3,0,0,0,3,0,8,0,14,0,0,0,4,0,8,0,0,0,28,2,21,1,62,3,19,2,33,2,26,2,4,1,0,0,3401,37500,59,1,38,0,195,11,66,36,203,301,0.9706447100552638,0.03500116337017277,0,87.9,88.2,88.0
ESG PVN 2022.txt_noise_2,27,2,11,1,19,1,13,1,6,1,3,0,0,0,3,0,9,0,14,0,0,0,5,0,8,0,0,0,33,2,26,1,79,4,25,2,39,2,32,2,5,1,0,0,4282,48842,83,6,40,0,229,13,84,39,253,377,0.9436582077293847,0.051870615569715534,3,94.7,88.3,94.9
ESG PVN 2023.txt_noise_2,23,3,9,1,14,2,11,1,6,1,2,0,0,0,2,1,7,1,13,1,0,0,4,1,7,1,0,0,29,3,21,2,63,5,21,3,33,3,24,3,4,2,0,0,3539,43450,63,8,32,5,198,20,73,35,232,333,0.9154572806916238,0.08645590388049162,1,55.0,57.7,60.9
ESG SAB 2024.txt_noise_2,19,1,8,0,13,0,9,0,4,0,2,0,0,0,2,0,6,0,11,0,0,0,4,0,7,0,0,0,24,1,19,0,55,2,16,1,27,1,20,1,3,0,0,0,2964,34570,60,1,29,0,171,6,58,29,170,232,0.9171347073096524,0.08638256181147018,0,84.0,87.9,87.2
ESG TCB 2024.txt_noise_2,17,0,7,0,11,0,8,0,4,0,2,0,0,0,2,0,6,0,9,0,0,0,3,0,6,0,0,0,20,1,16,0,49,2,14,1,25,1,18,1,3,0,0,0,1773,22588,47,0,25,0,156,6,51,26,150,212,0.9729012033918283,0.037118203061492466,0,87.9,88.3,87.4
ESG TRA 2019.txt_noise_2,19,1,8,0,11,0,9,0,4,0,2,0,0,0,2,0,6,0,10,0,0,0,4,0,6,0,0,0,23,1,20,0,54,2,17,1,24,1,21,1,4,0,0,0,2650,33327,53,1,30,0,162,6,57,29,170,240,0.9430802998612282,0.059000057807275894,0,86.1,88.1,87.7
ESG Vingroup 2022.txt_noise_2,36,2,14,1,23,1,17,1,8,1,4,0,0,0,4,0,12,0,18,0,0,0,7,0,15,0,0,0,53,3,36,1,121,6,37,2,63,2,46,2,7,1,0,0,5879,64931,107,6,56,0,360,16,105,53,387,555,0.9532641342632479,0.045150357796817094,3,95.5,88.0,94.9
ESG Vingroup 2023.txt_noise_2,37,2,13,1,22,1,16,1,7,1,3,0,0,0,3,0,11,0,16,0,0,0,6,0,13,0,0,0,48,3,37,1,101,6,36,2,60,2,41,2,6,1,0,0,7969,94722,86,6,53,0,333,17,94,46,355,510,0.950556941377763,0.048653534100290954,2,73.3,74.8,73.5
ESG VNM 2021.txt_noise_2,29,2,12,1,19,1,14,1,7,1,3,0,0,0,3,0,10,0,17,0,0,0,6,0,12,0,0,0,43,3,36,1,105,5,33,2,56,2,41,2,6,1,0,0,5476,64720,81,6,48,0,312,16,91,51,307,470,0.9379422683101962,0.045529269273408626,3,95.1,88.0,94.9
ESG VNM 2022.txt_noise_2,22,3,8,1,14,2,10,2,5,2,2,0,0,0,2,1,7,1,11,2,0,0,4,1,8,2,0,0,31,4,22,3,68,7,23,4,35,4,28,4,4,3,0,0,3159,37752,58,9,29,7,205,32,68,38,234,352,0.8919016938494697,0.10866682165139904,1,50.6,52.8,60.0
ESG VNM 2023.txt_noise_2,35,1,15,0,25,0,17,0,9,0,4,0,0,0,4,0,13,0,22,0,0,0,8,0,14,0,0,0,51,2,42,1,112,4,40,2,59,2,49,2,7,1,0,0,6609,68552,106,1,60,0,375,12,115,60,400,560,0.9496923979336226,0.056962302781527224,3,95.0,87.8,95.2
ESG VNM 2024.txt_noise_2,30,2,12,1,20,1,15,1,8,1,3,0,0,0,3,0,10,0,18,0,0,0,8,0,14,0,0,0,50,3,40,1,102,5,35,2,58,2,43,2,6,1,0,0,5516,58647,86,6,53,0,361,16,95,55,360,524,0.9267696930894496,0.06640331148342402,3,94.9,88.3,95.1
AR VinGroup 2024.txt_interp_1,27,4,11,1,27,3,20,2,8,1,5,0,0,0,4,1,14,1,26,2,0,0,7,1,12,2,0,0,133,16,101,4,291,18,59,8,103,7,95,9,15,6,0,0,7538,100268,97,10,64,6,796,69,107,70,865,1041,0.9227109436417693,0.07728905635823055,2,70.7,70.8,72.8
ESG Vingroup 2023.txt_interp_1,26,2,11,0,19,1,17,1,5,0,2,0,0,0,2,0,10,0,18,1,0,0,6,0,10,0,0,0,70,6,58,2,156,10,46,3,72,3,56,5,4,2,0,0,5648,67079,81,5,46,1,462,31,85,47,493,625,0.9347010014456602,0.06529900202456877,2,72.5,72.6,73.2
AR BID 2024.txt_interp_1,32,3,16,0,20,4,10,0,8,2,3,0,0,0,2,0,21,0,41,3,0,0,17,2,17,3,1,0,57,3,39,1,144,7,41,3,118,1,42,1,2,0,0,0,5261,66282,88,9,99,9,443,17,97,108,461,666,0.9372788959141193,0.06272110408588061,1,57.2,58.6,62.7
AR VinGroup 2024.txt_interp_1,31,2,11,0,19,1,18,1,10,0,2,0,0,0,3,0,9,0,16,1,0,0,5,0,5,1,0,0,97,12,70,3,195,16,50,5,81,5,65,6,1,1,0,0,5057,62288,90,4,37,3,559,47,94,40,606,741,0.8820481647022573,0.1179518352977428,2,71.5,62.3,70.6
AR TCM 2023.txt_interp_1,12,2,3,0,18,1,14,2,4,0,3,0,0,0,0,0,7,1,13,1,0,0,4,0,10,1,0,0,82,9,59,0,181,10,19,4,54,3,61,3,22,7,0,0,4442,63012,54,5,35,3,479,37,59,37,516,612,0.9015452602568705,0.0984547397431295,2,69.0,66.6,71.8
AR BBC 2024.txt_interp_1,13,3,5,0,20,2,16,2,3,0,3,0,0,0,1,0,9,1,17,1,0,0,5,0,11,1,0,0,88,9,69,1,202,11,31,5,67,3,69,5,20,8,0,0,4917,67917,60,6,45,3,545,41,66,47,586,699,0.9239610305073755,0.07603896949262423,2,69.8,71.3,73.0
AR SAB 2021.txt_interp_1,30,2,13,1,20,1,16,1,6,1,2,0,0,0,3,0,11,0,19,0,0,0,6,0,12,0,0,0,62,4,49,1,138,9,44,4,67,2,52,5,4,1,0,0,6407,75058,86,5,50,0,418,26,91,51,444,586,0.9389017719160928,0.061098233781582696,2,73.6,74.8,73.0
AR BBC 2023.txt_interp_1,13,1,3,0,14,0,13,1,4,1,3,0,0,1,2,0,7,0,14,2,0,0,4,0,6,2,0,0,56,10,36,2,137,15,22,5,43,5,38,5,26,14,1,1,4502,56323,50,4,33,4,358,57,54,37,416,507,0.8276037301363318,0.17239626986366816,2,71.2,68.3,67.2
AR DPM 2023.txt_interp_1,19,1,4,0,16,1,8,0,6,1,2,0,0,0,1,0,8,0,16,0,0,0,4,0,7,0,0,0,79,5,72,2,184,8,49,3,78,2,51,4,1,1,0,0,4198,51672,55,3,37,0,512,25,58,37,537,632,0.9561320925682164,0.04386790743178359,2,72.0,74.6,74.3
AR VinGroup 2024.txt_interp_1,38,3,15,1,26,2,21,2,10,1,4,0,0,0,6,1,18,1,30,3,0,0,9,1,10,2,0,0,135,17,104,5,286,21,77,9,115,8,94,11,2,2,0,0,7722,96518,115,9,73,6,813,74,124,79,887,1090,0.8944343590122863,0.10556564098771365,2,72.5,71.9,71.0
AR DPM 2023.txt_interp_1,27,1,11,0,22,0,12,1,8,0,3,0,0,0,4,0,7,0,16,1,0,0,5,0,6,1,0,0,88,9,81,3,205,15,54,7,77,6,68,9,0,0,0,0,4986,63321,82,2,38,1,572,48,84,39,620,743,0.9355935747288946,0.06440642527110522,2,73.3,73.9,73.1
AR SAB 2021.txt_interp_1,18,1,8,1,16,0,14,1,4,0,2,0,0,0,2,0,9,0,17,1,0,0,4,0,8,1,0,0,66,7,49,2,152,13,39,6,63,3,50,6,13,7,0,1,4134,51292,62,3,40,2,433,45,65,42,477,585,0.8889162736014544,0.11108372639854558,2,73.0,72.0,70.5
AR BBC 2024.txt_interp_1,24,4,10,1,26,3,20,2,7,1,5,0,0,0,4,1,14,1,25,2,0,0,7,1,12,2,0,0,128,16,97,4,282,17,54,8,97,7,92,9,17,6,0,0,7268,97628,91,10,62,6,767,66,101,68,833,1001,0.9226626670348126,0.07733733296518719,2,70.4,70.8,72.8
ESG PNJ 2023.txt_interp_1,16,1,7,0,11,0,8,0,4,0,2,0,0,0,2,0,6,0,9,0,0,0,3,0,6,0,0,0,21,1,17,0,47,3,15,1,24,1,18,1,3,0,0,0,2111,24285,47,3,25,0,145,9,50,26,154,230,0.9476194162382833,0.05233083854215201,0,85.7,87.4,86.9
ESG Miza 2022.txt_interp_1,9,1,4,0,6,0,5,0,2,0,1,0,0,0,1,0,3,0,6,0,0,0,2,0,4,0,0,0,13,1,10,0,30,2,9,1,16,1,12,1,2,0,0,0,1151,13198,26,1,16,0,92,6,27,16,98,141,0.9016854330281618,0.09831456697183816,0,82.7,85.3,86.6
ESG Home-Credit 2022.txt_interp_1,16,2,7,1,10,1,8,1,3,1,1,0,0,0,2,1,5,1,8,1,0,0,3,1,6,1,0,0,20,2,16,1,46,4,15,2,23,2,18,2,3,1,0,0,2732,31426,45,5,25,5,141,13,50,29,153,233,0.9072077196365191,0.09279228036348065,0,82.7,81.3,87.0
ESG PNJ 2019.txt_interp_1,17,1,7,1,11,1,8,1,4,1,2,0,0,0,2,0,6,0,9,1,0,0,4,0,7,0,0,0,21,2,17,1,48,3,15,2,24,2,18,2,3,1,0,0,2716,31259,49,4,27,1,147,11,53,28,158,239,0.9473958412129959,0.05260415878700411,0,85.5,87.1,86.6
ESG TCB 2024.txt_interp_1,17,1,7,0,11,0,8,0,4,0,2,0,0,0,2,0,6,0,9,0,0,0,3,0,6,0,0,0,22,1,17,0,49,3,16,1,25,1,19,1,3,0,0,0,2157,24817,50,2,27,0,151,8,51,27,159,237,0.9596983024848642,0.04030169751513562,0,87.4,88.0,87.3
ESG TRA 2019.txt_interp_1,16,2,7,1,10,1,8,1,3,1,1,0,0,0,2,1,5,1,9,1,0,0,3,1,6,1,0,0,20,2,16,1,47,4,15,2,24,2,18,2,3,1,0,0,2744,31566,45,5,26,5,143,13,50,30,156,236,0.8972982987058924,0.10270170129410745,0,82.1,81.3,86.8
ESG FPT 2023.txt_interp_1,17,0,7,0,11,0,8,0,4,0,2,0,0,0,2,0,6,0,9,0,0,0,3,0,6,0,0,0,21,1,17,0,48,2,15,1,24,1,18,1,3,0,0,0,2076,23887,49,0,27,0,146,6,49,27,152,229,0.9713426253458026,0.02865737465419722,0,88.0,88.0,87.7
ESG PNJ 2021.txt_interp_1,15,2,6,1,10,1,8,1,4,1,2,0,0,0,2,0,5,0,8,1,0,0,3,0,6,1,0,0,19,2,15,1,43,3,13,2,21,2,16,2,3,1,0,0,2100,24164,44,5,25,3,131,12,49,27,142,219,0.9271582366376315,0.07284176336236844,0,83.6,84.6,85.9
ESG GCF 2024.txt_interp_1,19,2,8,1,13,1,9,1,5,1,2,0,0,0,2,0,7,0,11,1,0,0,4,0,8,0,0,0,25,2,20,1,56,4,18,2,29,2,21,2,4,1,0,0,3126,35960,55,4,31,1,171,14,59,32,185,276,0.9425948976455345,0.05740510235446551,0,86.3,88.0,86.9
ESG PNJ 2020.txt_interp_1,19,2,8,1,13,1,9,1,5,1,2,0,0,0,2,0,7,0,10,1,0,0,4,0,7,0,0,0,25,2,19,1,56,4,18,2,29,2,21,2,4,1,0,0,3066,35271,55,4,31,1,172,13,59,31,185,276,0.9546176648026121,0.04538233519738796,0,86.7,88.0,87.1
ESG PLX 2023.txt_interp_1,29,1,12,0,18,1,13,0,6,0,3,0,0,0,3,0,9,0,15,0,0,0,6,0,11,0,0,0,39,2,31,1,91,4,29,3,46,3,35,3,5,1,0,0,3225,37138,81,2,45,0,276,16,83,45,292,420,0.9631074691571961,0.03689253084280386,0,87.2,87.6,87.7
ESG SAB 2024.txt_interp_1,19,1,8,0,13,0,9,0,4,0,2,0,0,0,2,0,6,0,10,0,0,0,4,0,7,0,0,0,24,1,19,0,53,3,17,1,27,1,20,1,3,0,0,0,3012,34649,54,3,29,0,163,10,57,29,172,258,0.9310432290006967,0.06895677099930331,0,85.0,88.0,87.0
ESG PAN 2020.txt_interp_1,20,2,9,0,12,2,7,1,5,2,2,0,0,0,2,1,11,1,21,3,0,0,9,1,10,3,0,0,33,3,23,1,80,5,23,3,61,1,25,2,2,1,0,0,3914,47693,54,7,54,8,247,15,61,62,262,385,0.9149271898907907,0.08507281010920924,1,54.1,55.6,59.7
ESG PAN 2020.txt_interp_1,10,2,4,0,6,1,4,1,2,1,1,0,0,0,1,1,3,1,6,2,0,0,2,1,4,2,0,0,13,2,10,1,28,3,9,2,14,2,11,2,2,1,0,0,2972,34195,26,5,16,7,86,13,31,23,99,153,0.8973445629252139,0.10265543707478594,1,51.7,53.9,59.3
ESG PAN 2020.txt_interp_1,19,2,9,0,11,2,6,1,5,2,2,0,0,0,2,1,11,1,21,3,0,0,9,1,10,3,0,0,32,3,22,1,78,5,22,3,59,1,24,2,2,1,0,0,3860,46949,52,7,52,8,240,15,59,60,254,373,0.914032709311186,0.0859672906888139,1,54.0,55.5,59.6
ESG CTR 2024.txt_interp_1,9,2,3,0,5,0,4,0,2,0,1,0,0,0,1,0,3,0,5,1,0,0,2,0,4,1,0,0,12,1,9,0,26,2,8,1,14,1,11,1,2,0,0,0,1371,15759,23,3,13,3,81,9,26,16,90,133,0.900031739285027,0.09996826071497289,0,82.1,81.7,85.0
ESG PAN 2020.txt_interp_1,9,3,3,1,5,2,4,2,2,2,1,0,0,0,1,1,3,1,5,3,0,0,2,1,4,3,0,0,12,3,9,2,26,4,8,3,13,3,10,3,2,2,0,0,2778,31974,24,8,15,8,80,17,32,23,97,151,0.8841482527352111,0.11585174726478886,1,49.5,52.4,57.2
ESG VNM 2024.txt_interp_1,31,2,12,1,19,1,14,1,7,1,3,0,0,0,3,0,10,0,17,0,0,0,6,0,13,0,0,0,46,3,37,1,105,5,34,2,54,2,41,2,6,1,0,0,5289,60876,88,6,50,0,328,16,94,50,344,488,0.9401455756743037,0.05985442432569629,3,95.0,88.0,95.0
ESG PNJ 2020.txt_interp_1,11,2,4,0,8,1,5,1,3,1,1,0,0,0,1,1,4,1,6,2,0,0,2,1,5,1,0,0,15,2,12,1,34,3,11,2,17,2,13,2,2,1,0,0,2155,24797,32,5,18,4,105,13,37,23,118,179,0.9036012156351048,0.09639878436489518,0,82.4,82.3,84.4
ESG TRA 2019.txt_interp_1,20,1,8,0,12,0,9,0,4,0,2,0,0,0,2,0,6,0,10,0,0,0,4,0,7,0,0,0,24,1,19,0,55,2,17,1,28,1,20,1,4,0,0,0,2570,29584,56,1,29,0,168,6,58,29,174,260,0.9445311429710058,0.055468857028994165,0,86.1,88.0,87.3
ESG SAB 2024.txt_interp_1,18,1,7,0,12,0,8,0,4,0,2,0,0,0,2,0,6,0,9,0,0,0,3,0,6,0,0,0,23,1,18,0,51,2,16,1,26,1,19,1,3,0,0,0,2173,25003,51,1,27,0,156,6,52,27,162,242,0.946755434959641,0.05318610716373848,0,85.9,88.0,87.5
ESG NVL 2022.txt_interp_1,17,1,7,0,11,0,8,0,4,0,2,0,0,0,2,0,5,0,9,0,0,0,3,0,6,0,0,0,21,1,17,0,47,2,15,1,24,1,18,1,3,0,0,0,2555,29393,48,1,24,0,143,6,49,24,149,222,0.9489680202281825,0.051031979771817434,0,85.9,88.0,87.6
ESG TRA 2019.txt_interp_1,18,1,8,0,12,0,9,0,4,0,2,0,0,0,2,0,6,0,10,0,0,0,4,0,7,0,0,0,23,1,19,0,52,2,17,1,26,1,20,1,4,0,0,0,2526,29069,52,1,28,0,160,6,53,28,166,248,0.949762235449829,0.05021192817600037,0,86.3,88.0,87.4
ESG NVL 2021.txt_interp_1,14,2,6,0,9,0,7,0,3,0,1,0,0,0,1,0,4,0,7,0,0,0,2,0,5,0,0,0,18,1,14,0,41,2,13,1,22,1,16,1,2,0,0,0,2032,23364,40,2,20,0,127,6,42,20,133,196,0.9524139169684362,0.047586083031563725,0,86.3,86.6,87.6
ESG NVL 2021.txt_interp_1,16,2,7,1,11,1,8,1,4,1,2,0,0,0,2,0,5,0,8,1,0,0,3,0,6,0,0,0,20,2,16,1,46,3,15,2,23,2,18,2,3,1,0,0,2652,30500,47,4,25,1,140,11,51,25,152,228,0.9439482397329714,0.05605176026702863,0,85.5,87.1,86.6
ESG VNM 2023.txt_interp_1,31,2,12,1,20,1,14,1,7,1,3,0,0,0,3,1,10,1,17,1,0,0,6,1,12,1,0,0,42,3,34,2,96,6,31,3,50,3,38,3,6,2,0,0,5194,59747,89,5,50,4,299,19,94,53,319,465,0.9305269073423278,0.06947309265767213,3,93.3,87.9,94.5
AR BID 2024.txt_interp_1,32,2,15,0,20,3,10,0,8,2,3,0,0,0,3,0,19,0,37,2,0,0,16,1,16,2,1,0,53,3,37,1,133,6,38,3,106,0,40,1,2,0,0,0,5518,68417,87,7,90,6,409,14,94,96,423,613,0.9485489444242743,0.05145105557572552,1,59.2,61.8,65.0
ESG FPT 2024.txt_interp_1,24,1,10,1,16,1,12,0,6,0,2,0,0,0,3,0,9,0,14,0,0,0,6,0,10,0,0,0,34,2,27,1,80,4,25,2,40,2,31,2,4,1,0,0,3143,36186,70,2,42,0,241,13,73,42,254,369,0.9610060330149688,0.038993966985031214,0,86.6,87.6,87.8
ESG FPT 2023.txt_interp_1,24,0,10,0,15,0,12,0,5,0,2,0,0,0,3,0,8,0,14,0,0,0,6,0,10,0,0,0,33,2,26,0,77,4,24,2,38,2,29,2,4,1,0,0,3173,36531,70,1,40,0,232,13,70,40,246,356,0.9806842360706918,0.019315763929308394,0,88.0,87.7,88.0
ESG PLX 2023.txt_interp_1,16,0,7,0,10,0,8,0,4,0,1,0,0,0,1,0,5,0,8,0,0,0,3,0,6,0,0,0,20,1,16,0,46,2,14,1,23,1,17,1,3,0,0,0,2098,24142,47,1,23,0,139,6,47,23,145,215,0.9716121783892646,0.028387821610735144,0,87.4,88.0,87.8
ESG VNM 2024.txt_interp_1,29,2,12,1,18,1,14,1,7,1,3,0,0,0,3,0,10,0,16,1,0,0,6,0,12,1,0,0,41,3,33,1,94,6,30,2,48,2,36,2,6,1,0,0,4594,52869,83,7,47,3,297,19,90,50,316,456,0.9281513490913993,0.07184865090860068,3,93.7,88.0,94.6
AR HSG 2024.txt_interp_1,25,1,11,1,18,1,18,1,7,1,3,0,0,0,3,0,10,0,14,0,0,0,6,0,9,0,0,0,62,4,49,2,133,7,50,3,74,5,50,3,4,1,0,0,6138,71044,83,4,42,0,424,25,87,42,449,578,0.9524684112691273,0.04753159401921418,2,72.5,73.4,74.2
ESG Vingroup 2022.txt_interp_1,33,2,13,1,21,1,16,1,8,1,3,0,0,0,3,0,11,0,18,0,0,0,7,0,14,0,0,0,49,3,39,1,113,5,36,2,58,2,44,2,6,1,0,0,5369,61805,96,6,54,0,352,16,102,54,368,525,0.9477811148449564,0.05221888515504361,3,95.0,88.0,95.0
ESG PAN 2022.txt_interp_1,17,3,6,1,11,2,7,2,4,2,2,0,0,0,2,1,5,1,9,2,0,0,3,1,6,2,0,0,23,3,18,2,51,5,16,3,26,3,20,3,3,2,0,0,3166,36419,46,8,25,7,158,22,54,32,180,266,0.8956447370607983,0.10435526293920183,1,51.2,53.6,60.4
ESG VNM 2023.txt_interp_1,35,1,14,0,22,0,16,0,9,0,4,0,0,0,4,0,12,0,20,0,0,0,8,0,15,0,0,0,51,2,41,1,117,4,38,2,60,2,45,2,7,1,0,0,5916,68076,100,3,58,0,362,15,103,58,377,538,0.9403756335871647,0.059624366412835264,3,95.0,88.0,95.0
ESG VNM 2024.txt_interp_1,31,2,13,1,20,1,15,1,8,1,3,0,0,0,3,0,11,0,17,0,0,0,7,0,13,0,0,0,47,3,37,1,106,5,34,2,54,2,41,2,6,1,0,0,5255,60491,88,6,50,0,331,16,94,50,347,492,0.9393530339458415,0.060646966054158466,3,95.0,88.0,95.0
AR SAB 2023.txt_interp_2,24,1,12,1,18,0,17,1,5,0,1,0,0,0,3,0,12,0,21,1,0,0,6,0,10,0,0,0,81,6,66,2,179,13,54,6,82,2,64,8,2,2,0,0,4401,53845,76,3,51,1,529,38,79,52,568,698,0.9299023591089677,0.07009764089103218,2,73.1,75.0,72.9
AR SAB 2022.txt_interp_2,14,2,6,0,15,1,15,1,3,0,2,0,0,0,1,0,7,0,14,1,0,0,4,0,7,1,0,0,62,8,46,2,148,13,32,4,56,4,46,5,18,10,0,1,4187,52152,56,4,33,2,408,47,59,35,454,549,0.879248091687077,0.12075190831292293,2,71.4,69.1,70.2
ESG PAN 2022.txt_interp_2,17,3,6,1,11,2,7,2,4,2,2,0,0,0,2,1,5,1,9,2,0,0,3,1,6,2,0,0,23,3,18,2,52,5,17,3,26,3,20,3,3,2,0,0,3168,36439,47,8,25,7,159,22,55,32,181,268,0.8955977213602261,0.10440227863977378,1,51.2,53.6,60.4
AR BBC 2023.txt_interp_2,16,2,6,0,18,1,16,1,6,1,4,0,0,1,2,0,8,0,17,2,0,0,4,0,7,2,0,0,80,14,54,3,189,18,35,6,62,7,53,7,25,13,1,1,5789,73618,66,6,38,5,500,69,72,44,569,685,0.8524288322993812,0.1475711677006188,2,71.3,67.4,68.6
AR DPM 2024.txt_interp_2,29,2,14,0,21,1,18,1,6,0,2,0,0,0,4,0,10,0,20,1,0,0,7,0,8,0,0,0,88,9,75,3,198,18,57,7,81,5,74,11,2,2,0,0,5137,64320,91,3,48,1,574,54,94,50,628,772,0.9252911791406695,0.07470882085933028,2,73.1,74.2,72.7
AR TCM 2023.txt_interp_2,25,0,9,0,13,0,14,0,7,0,0,0,0,0,2,0,7,0,10,0,0,0,3,0,4,0,0,0,65,6,46,1,128,11,35,4,59,2,46,4,1,0,0,0,3123,37121,68,1,26,0,380,28,69,26,408,503,0.8795486152302943,0.12045138476970599,2,71.9,63.2,70.3
AR BBC 2024.txt_interp_2,23,2,11,0,24,1,17,2,6,0,4,0,0,0,3,0,9,0,18,1,0,0,6,0,9,1,0,0,94,12,77,2,217,17,40,8,69,6,80,10,14,5,0,0,5607,76415,85,5,46,3,592,59,89,48,652,789,0.9158485871284197,0.08415141287158004,2,71.7,72.2,72.3
AR SCB 2024.txt_interp_2,28,1,8,0,14,0,14,1,8,0,1,0,0,0,2,0,9,0,12,1,0,0,4,0,4,0,0,0,71,8,50,1,138,13,37,4,60,3,48,4,1,1,0,0,3639,43232,73,2,31,1,406,34,75,32,440,547,0.8560783569927315,0.14392164300726898,2,71.4,63.0,69.1
AR SAB 2023.txt_interp_2,28,2,10,0,19,1,17,2,6,1,2,0,0,0,4,0,14,0,24,2,0,0,8,0,9,1,0,0,89,9,72,3,193,15,56,6,83,5,67,8,2,3,0,0,5128,62397,82,5,58,2,562,47,87,60,609,756,0.8921409942712503,0.10785900572874967,2,72.2,74.2,70.9
AR SAB 2021.txt_interp_2,32,1,16,0,24,0,18,1,8,0,2,0,0,0,5,0,10,0,20,1,0,0,6,0,7,1,0,0,89,10,76,3,201,18,57,9,80,6,77,12,1,0,0,0,5234,66183,99,2,48,2,582,59,101,49,641,792,0.9154072187623216,0.08459278123767822,2,74.4,73.8,72.0
AR SCB 2024.txt_interp_2,30,2,11,0,19,1,16,2,7,1,2,0,0,0,4,0,15,0,24,2,0,0,7,0,9,1,0,0,89,9,71,3,191,14,55,7,83,4,67,8,2,2,0,0,5078,61781,84,5,60,2,559,48,89,62,606,758,0.8799032284577277,0.1200967715422723,2,73.0,74.1,70.0
AR DPM 2024.txt_interp_2,30,1,15,0,22,0,19,1,7,0,2,0,0,0,4,0,10,0,20,1,0,0,6,0,7,1,0,0,89,10,76,3,200,18,57,8,80,6,76,11,1,1,0,0,5217,65526,93,3,48,2,579,56,96,49,635,781,0.9236041630445609,0.07639583695543889,2,73.3,74.0,72.6
ESG Vingroup 2023.txt_interp_2,20,2,8,1,17,1,14,1,5,1,3,0,0,0,2,0,7,0,13,1,0,0,4,0,10,1,0,0,43,6,29,1,107,10,23,3,42,3,34,2,19,8,0,1,6339,75042,67,5,36,2,300,34,72,38,334,444,0.8939165335354353,0.10608347230525775,2,72.2,70.9,70.5
ESG FPT 2023.txt_interp_2,20,1,8,0,13,0,10,0,5,0,3,0,0,0,3,0,7,0,12,0,0,0,4,0,8,0,0,0,25,2,20,1,58,3,18,2,29,2,21,2,4,1,0,0,2933,33754,57,1,33,0,174,9,58,33,183,274,0.9739141914078688,0.026085808592131242,0,88.0,88.0,88.0
ESG ACB 2024.txt_interp_2,11,0,5,0,7,0,5,0,2,0,1,0,0,0,1,0,4,0,6,0,0,0,3,0,4,0,0,0,16,1,13,0,38,2,12,1,18,1,14,1,2,1,0,0,1266,14706,31,1,18,0,114,8,31,18,121,170,0.9930011518821137,0.006998848117886408,0,51.6,51.4,88.0
ESG PNJ 2022.txt_interp_2,7,0,3,0,5,0,4,0,2,0,1,0,0,0,1,0,2,0,4,0,0,0,1,0,2,0,0,0,9,0,8,0,21,1,6,0,10,0,7,0,1,0,0,0,1101,12783,21,0,10,0,63,2,21,10,65,96,0.9902538404303753,0.0097461595696247,0,55.7,55.7,88.0
ESG BID 2023.txt_interp_2,25,1,11,0,16,0,12,0,6,0,3,0,0,0,3,0,9,0,13,0,0,0,5,0,10,0,0,0,34,2,28,0,80,4,25,2,40,2,31,2,5,1,0,0,3454,39772,73,2,41,0,243,14,76,41,257,373,0.9719000012735316,0.028099998726468317,0,88.0,87.7,88.0
ESG Miza 2022.txt_interp_2,11,1,4,0,7,0,5,0,2,0,1,0,0,0,1,0,4,0,6,0,0,0,2,0,4,0,0,0,14,1,12,0,33,2,10,1,16,1,12,1,2,0,0,0,1295,14908,30,1,17,0,99,6,31,17,105,153,0.9005159226940577,0.09944378100445203,0,82.1,86.6,86.4
ESG PLX 2023.txt_interp_2,31,1,13,0,19,1,14,0,6,0,3,0,0,0,3,0,10,0,16,0,0,0,7,0,12,0,0,0,42,2,34,1,98,5,31,3,49,3,38,3,5,1,0,0,3444,39658,86,2,48,0,298,18,88,48,316,452,0.9670490190438656,0.03295098095613441,0,87.4,87.5,87.8
ESG FPT 2024.txt_interp_2,28,1,12,0,18,1,14,0,6,0,3,0,0,0,3,0,10,0,16,0,0,0,7,0,11,0,0,0,38,2,30,1,89,4,28,3,45,3,34,3,5,1,0,0,3544,40814,79,1,46,0,269,15,80,46,285,411,0.9819799825456865,0.018020017454313524,0,88.0,87.6,88.0
ESG FPT 2023.txt_interp_2,24,1,10,0,15,0,12,0,5,0,3,0,0,0,3,0,9,0,14,0,0,0,6,0,10,0,0,0,32,2,26,0,76,4,23,2,37,2,29,2,4,1,0,0,3230,37190,69,1,41,0,227,13,70,41,240,352,0.9771936488294761,0.02280635117052386,0,88.0,87.7,88.0
ESG ACB 2023.txt_interp_2,21,2,9,1,14,1,10,1,5,1,2,0,0,0,2,0,7,0,12,1,0,0,5,0,9,0,0,0,29,2,23,1,69,4,22,2,35,2,27,2,3,1,0,0,2901,33379,61,5,36,1,209,15,66,36,225,327,0.9358053925971749,0.06419460740282519,0,84.9,86.9,86.7
ESG TRA 2019.txt_interp_2,18,1,8,0,12,0,9,0,4,0,2,0,0,0,2,0,6,0,10,0,0,0,4,0,7,0,0,0,23,1,19,0,53,3,17,1,27,1,20,1,4,0,0,0,2900,33376,53,3,29,0,162,9,56,29,171,256,0.9458643173248253,0.05413568267517463,0,86.1,88.0,87.1
ESG PAN 2023.txt_interp_2,16,2,7,0,11,1,8,1,3,1,1,0,0,0,2,1,6,1,10,1,0,0,4,1,7,1,0,0,23,2,19,1,55,4,17,2,28,2,21,2,2,1,0,0,2301,26481,45,5,28,4,166,15,50,32,180,262,0.9034173258550926,0.0965826741449074,0,82.3,82.3,84.9
ESG PNJ 2023.txt_interp_2,19,1,8,0,12,0,9,0,4,0,2,0,0,0,2,0,7,0,10,0,0,0,3,0,7,0,0,0,24,1,19,0,55,2,17,1,27,1,21,1,3,0,0,0,2267,26097,54,1,29,0,167,8,55,29,175,259,0.9635275883471408,0.036416361513037544,0,87.2,88.0,87.7
ESG PAN 2020.txt_interp_2,10,2,4,0,6,1,4,1,2,1,1,0,0,0,1,1,3,1,6,2,0,0,2,1,4,2,0,0,13,2,10,1,28,3,9,2,14,2,11,2,2,1,0,0,2956,34020,26,5,16,7,86,13,31,23,99,152,0.8972339163858651,0.10276608361413492,1,51.7,53.8,59.2
ESG PAN 2022.txt_interp_2,10,2,4,0,6,1,4,1,2,1,1,0,0,0,1,1,3,1,6,2,0,0,2,1,4,2,0,0,13,2,10,1,28,3,9,2,14,2,11,2,2,1,0,0,2957,34022,26,5,16,7,86,13,31,23,99,152,0.8972351491616799,0.10276485083832007,1,51.7,53.8,59.2
ESG PAN 2020.txt_interp_2,24,2,11,0,15,3,8,1,6,2,2,0,0,0,2,1,15,1,28,3,0,0,12,1,12,3,0,0,42,3,29,1,103,6,29,3,81,1,31,2,2,1,0,0,4391,54273,66,8,70,8,317,16,74,78,333,484,0.9228397884485238,0.0771602115514761,1,55.2,56.7,60.8
ESG ACB 2024.txt_interp_2,32,1,14,0,21,1,15,0,7,0,3,0,0,0,4,0,11,0,18,0,0,0,8,0,13,0,0,0,47,3,37,1,110,6,35,4,55,4,43,4,5,2,0,0,3771,43425,91,3,54,0,333,22,94,54,355,503,0.9665567313496763,0.03344326865032369,0,87.2,87.3,87.9
ESG VNM 2022.txt_interp_2,16,3,6,1,10,2,7,2,4,2,2,0,0,0,2,1,5,1,8,2,0,0,3,1,6,2,0,0,21,3,17,2,47,5,15,3,24,3,19,3,3,2,0,0,3003,34546,43,8,24,7,146,21,50,31,167,248,0.8947965374991638,0.1052034625008362,1,51.1,53.1,58.8
ESG Vingroup 2022.txt_interp_2,36,2,14,1,23,1,17,1,8,1,4,0,0,0,4,0,12,0,20,0,0,0,7,0,15,0,0,0,52,3,42,1,119,5,39,2,61,2,47,2,7,1,0,0,5984,68860,103,4,58,0,366,16,107,58,382,547,0.9548986852832275,0.04510131471677249,3,95.0,88.0,95.0
ESG PNJ 2019.txt_interp_2,16,2,7,1,11,1,8,1,4,1,2,0,0,0,2,0,5,0,9,1,0,0,3,0,6,0,0,0,20,2,16,1,46,3,15,2,24,2,18,2,3,1,0,0,2663,30639,47,4,26,1,143,11,52,26,154,232,0.9334883159884129,0.06651168401158715,0,84.8,87.1,86.4
ESG GCF 2024.txt_interp_2,15,1,6,0,10,0,7,0,4,0,1,0,0,0,1,0,5,0,9,0,0,0,4,0,6,0,0,0,20,1,16,0,46,2,15,1,24,1,18,1,2,0,0,0,2048,23514,44,1,26,0,141,9,45,26,150,221,0.9330919337799393,0.06690806622006067,0,85.8,86.3,87.3
ESG NVL 2021.txt_interp_2,14,3,6,1,9,1,7,1,3,1,1,0,0,0,1,1,5,1,7,1,0,0,2,1,5,1,0,0,18,2,14,1,40,4,13,2,20,2,15,2,3,1,0,0,1894,21785,42,8,21,4,124,15,50,25,139,214,0.8906493033385771,0.10935069666142284,0,81.0,82.6,84.6
ESG PNJ 2023.txt_interp_2,18,1,8,0,12,0,9,0,4,0,2,0,0,0,2,0,6,0,10,0,0,0,4,0,7,0,0,0,23,1,19,0,52,2,17,1,26,1,20,1,4,0,0,0,2491,28667,52,1,28,0,160,6,53,28,166,247,0.9503212022827892,0.04965016669372326,0,86.3,88.0,87.4
ESG ACB 2023.txt_interp_2,22,1,10,1,15,1,11,0,5,0,2,0,0,0,3,0,8,0,13,0,0,0,6,0,10,0,0,0,31,2,25,1,73,4,23,2,36,2,28,2,4,1,0,0,2917,33577,64,2,39,0,219,12,67,39,231,336,0.962570028063058,0.037429971936942,0,86.8,87.6,87.8
ESG GCF 2024.txt_interp_2,20,0,8,0,13,0,11,0,5,0,2,0,0,0,2,0,7,0,12,0,0,0,5,0,8,0,0,0,26,1,21,0,59,2,18,1,30,1,22,1,4,0,0,0,3117,35876,60,1,35,0,179,8,60,35,187,282,0.9693537486051236,0.030646251394876478,0,87.5,88.0,87.8
ESG PAN 2023.txt_interp_2,9,2,3,0,6,1,4,1,2,1,0,0,0,0,1,1,3,1,5,1,0,0,2,1,4,1,0,0,12,2,9,1,27,3,8,2,14,2,11,2,1,1,0,0,1421,16317,24,3,15,4,83,10,27,19,93,139,0.8944845033425688,0.10551549665743114,0,81.8,80.9,84.5
ESG PVN 2022.txt_interp_2,34,1,13,0,21,0,15,0,8,0,4,0,0,0,4,0,11,0,18,0,0,0,7,0,12,0,0,0,45,2,36,1,102,4,33,2,53,2,40,2,6,1,0,0,5552,63858,94,3,52,0,315,14,98,52,329,479,0.9458709754665873,0.05412902453341273,3,95.0,88.0,95.0
ESG PAN 2022.txt_interp_2,12,2,5,0,7,1,5,1,2,1,1,0,0,0,1,1,4,1,7,1,0,0,2,1,5,1,0,0,15,2,12,1,33,3,10,2,16,2,13,2,2,1,0,0,3511,40405,33,4,19,5,102,11,36,23,113,172,0.9125534544582087,0.08744654554179125,1,54.2,57.4,62.0
ESG PAN 2023.txt_interp_2,16,1,6,0,10,0,7,0,3,0,1,0,0,0,2,0,5,0,8,1,0,0,3,0,6,1,0,0,19,1,15,0,44,2,14,1,22,1,16,1,2,0,0,0,2556,29408,44,2,23,2,132,8,46,26,141,213,0.9001598176118389,0.09984018238816098,0,82.5,84.9,85.9
ESG BID 2023.txt_interp_2,31,2,13,1,20,1,15,0,7,0,3,0,0,0,4,0,11,0,17,0,0,0,7,0,13,0,0,0,44,2,35,1,103,5,32,3,51,3,40,3,6,1,0,0,3710,42739,89,3,52,0,310,19,93,52,329,474,0.9602162870788448,0.03978371292115521,0,87.4,87.5,87.8
ESG FPT 2023.txt_interp_2,18,0,7,0,12,0,9,0,4,0,2,0,0,0,2,0,6,0,10,0,0,0,4,0,7,0,0,0,22,1,18,0,51,2,16,1,25,1,19,1,3,0,0,0,2776,31944,53,0,29,0,154,6,53,29,160,243,0.9526049312105735,0.0473950687894264,0,86.2,88.0,87.7
ESG PLX 2022.txt_interp_2,32,2,13,0,20,1,15,0,8,0,4,0,0,0,4,0,11,0,17,1,0,0,7,0,13,1,0,0,44,3,35,1,100,5,32,2,51,2,39,2,6,1,0,0,5384,61936,91,4,51,3,310,18,95,54,328,478,0.9324027177169216,0.06759728228307826,3,93.6,88.0,94.6
AR TRA 2024.txt_interp_2,27,2,9,0,19,1,16,1,6,0,1,0,0,0,4,0,13,0,22,1,0,0,7,0,9,0,0,0,86,8,70,2,186,14,54,6,82,4,65,8,3,3,0,0,4978,60557,78,5,54,2,540,43,83,56,584,722,0.9109033591396305,0.08909664086036959,2,72.4,74.0,71.9
ESG VNM 2021.txt_interp_2,27,3,11,1,17,2,13,1,6,1,3,0,0,0,3,1,9,1,14,1,0,0,5,1,10,1,0,0,36,4,29,2,83,6,27,3,43,3,32,3,5,2,0,0,4454,51254,77,7,41,4,259,21,84,46,280,410,0.9273913585661246,0.07260864143387519,3,93.0,87.9,94.4
AR BID 2024.txt_interp_2,29,2,14,0,18,3,10,0,7,2,3,0,0,0,3,0,17,0,32,2,0,0,14,1,14,2,1,0,48,3,34,1,119,6,34,3,93,0,36,1,2,0,0,0,5330,65489,80,6,80,5,365,13,86,85,378,549,0.9470334257842952,0.05296657421570461,1,59.1,62.0,65.0
ESG PLX 2022.txt_interp_2,29,2,12,1,18,1,14,1,7,1,3,0,0,0,3,0,10,0,16,1,0,0,6,0,12,1,0,0,40,3,32,1,90,6,29,2,47,2,35,2,6,1,0,0,4472,51459,82,7,46,3,285,20,89,49,305,443,0.9263610995484348,0.07363890045156507,3,93.4,88.0,94.6
ESG PVN 2022.txt_interp_2,31,2,12,1,20,1,14,1,7,1,3,0,0,0,3,0,10,0,16,0,0,0,6,0,11,0,0,0,41,2,32,1,93,4,30,2,48,2,36,2,6,1,0,0,5034,57895,88,4,47,0,285,14,93,47,299,439,0.9464529762695391,0.05354702373046111,3,95.0,88.0,95.0
AR BBC 2023.txt_scale_1,2,1,0,0,13,0,11,0,2,1,4,0,0,1,0,0,2,0,8,2,0,0,2,0,5,2,0,0,35,8,16,1,103,15,5,4,22,5,22,3,38,22,1,2,3932,50301,35,3,17,4,208,63,37,21,302,355,0.7963113615332783,0.18555612039778444,2,70.2,63.1,65.9
AR BBC 2024.txt_scale_1,6,3,1,0,21,2,15,3,2,0,5,0,0,0,0,0,9,1,17,1,0,0,5,0,14,2,0,0,86,10,58,0,218,10,16,5,57,3,73,4,33,10,0,0,5326,78698,49,9,42,4,452,43,56,49,602,708,0.9208046160181972,0.07502552117796066,2,69.9,70.9,71.8
AR BID 2024.txt_scale_1,42,3,21,0,26,5,12,0,13,3,4,0,0,0,3,0,29,0,50,4,0,0,19,2,22,4,1,0,77,5,43,1,195,9,63,4,163,0,56,1,2,0,0,0,6336,81127,116,13,135,10,600,19,127,145,619,891,0.9135318578565735,0.045204767069610595,1,60.4,60.9,67.1
AR DPM 2023.txt_scale_1,14,1,0,0,14,1,2,0,8,1,2,0,0,0,0,0,5,0,12,0,0,0,3,0,6,0,0,0,77,4,77,2,193,4,46,2,75,2,41,1,0,0,0,0,3784,47086,39,3,22,0,505,14,49,26,519,617,0.9779449905107447,0.029013627275795865,2,68.3,75.9,77.5
AR DPM 2024.txt_scale_1,36,1,15,0,27,0,19,1,9,0,3,0,0,0,6,0,10,0,19,1,0,0,6,0,6,1,0,0,89,14,83,4,216,22,60,10,79,8,86,15,0,0,0,0,5825,74648,93,2,46,2,618,75,114,48,690,852,0.8663402392046291,0.09090688798789949,2,73.6,76.3,74.1
AR HSG 2024.txt_scale_1,17,0,10,0,14,1,18,0,8,1,3,0,0,0,3,0,8,0,11,1,0,0,5,0,5,0,0,0,78,5,74,3,155,8,66,5,95,8,58,4,1,0,0,0,3989,40143,72,2,32,1,518,36,65,33,551,658,0.9311706472384075,0.04542173458011964,2,68.1,71.4,75.5
AR SAB 2021.txt_scale_1,28,1,10,1,18,0,16,1,5,0,1,0,0,0,3,0,12,0,21,1,0,0,5,0,10,0,0,0,68,7,73,2,204,12,54,7,85,2,63,8,2,1,0,0,4757,51746,77,3,59,1,520,32,76,46,562,696,0.9094257064482808,0.08011855814300327,2,76.3,74.5,72.3
AR SAB 2022.txt_scale_1,23,2,10,0,18,1,17,1,3,0,1,0,0,0,2,0,10,0,18,1,0,0,6,0,8,0,0,0,81,7,68,2,154,12,51,4,80,3,63,7,3,3,0,0,4611,53484,74,4,44,1,536,38,83,45,565,687,0.9558427229780346,0.07645066597690962,2,69.6,70.0,71.4
AR SAB 2023.txt_scale_1,23,2,11,0,17,1,18,1,4,0,1,0,0,0,2,0,11,0,22,1,0,0,7,0,9,0,0,0,82,6,68,2,184,14,55,4,82,3,65,7,3,3,0,0,4584,56029,74,4,50,1,516,36,78,51,578,798,0.9140352703136413,0.06071682644377658,2,69.1,76.9,71.5
AR SCB 2024.txt_scale_1,29,2,10,0,21,1,15,2,7,1,2,0,0,0,5,0,19,0,26,2,0,0,8,0,9,1,0,0,97,11,75,3,201,16,56,8,84,6,69,8,2,3,0,0,5127,67887,89,6,73,3,582,54,95,68,515,820,0.8918669279397493,0.15232324629571722,2,75.1,75.7,71.6
AR TCM 2023.txt_scale_1,25,0,6,0,11,0,13,0,9,0,0,0,0,0,1,0,4,0,6,0,0,0,2,0,1,0,0,0,67,6,37,0,104,11,21,2,47,2,34,2,0,0,0,0,3053,29717,64,0,13,0,309,23,64,13,332,409,0.8212911701751591,0.1466519782056458,2,73.2,55.4,71.8
AR TRA 2024.txt_scale_1,24,2,9,0,16,1,16,1,5,0,1,0,0,0,3,0,11,0,20,1,0,0,6,0,9,0,0,0,71,6,67,2,176,13,43,5,81,3,63,8,2,3,0,0,4176,56986,80,4,49,1,418,38,77,50,558,736,0.9022546762111143,0.06097093738165902,2,69.3,74.9,71.8
AR VinGroup 2024.txt_scale_1,38,4,20,1,31,3,25,2,12,1,5,0,0,0,7,1,18,1,31,3,0,0,9,1,11,2,0,0,163,21,123,7,346,24,91,10,124,10,111,12,2,2,0,0,9207,127029,133,11,65,8,1061,88,144,86,1063,1239,0.9404319334281516,0.0783079885063415,2,70.1,67.2,74.5
ESG ACB 2022.txt_scale_1,11,1,5,0,8,0,6,0,3,0,1,0,0,0,1,0,4,0,6,0,0,0,3,0,4,0,0,0,15,1,14,0,30,2,12,1,20,1,15,1,2,0,0,0,1315,15064,34,1,24,0,115,6,35,20,105,176,0.9251543149643767,0.06671631056285772,0,88.1,81.9,89.1
ESG ACB 2023.txt_scale_1,27,2,10,1,18,1,13,0,5,0,2,0,0,0,3,0,8,0,17,0,0,0,7,0,10,0,0,0,40,2,32,1,95,5,30,3,48,3,41,3,4,1,0,0,3232,37202,78,4,48,0,286,17,82,40,303,433,0.9427722672855056,0.05550708436996438,0,88.4,83.1,85.4
ESG ACB 2024.txt_scale_1,35,1,15,0,22,1,14,0,7,0,3,0,0,0,4,0,12,0,19,0,0,0,8,0,16,0,0,0,50,3,47,1,109,6,36,4,59,4,46,4,7,2,0,0,4033,46451,98,2,57,0,425,24,100,57,380,537,0.9639029110271067,0.02255157336849095,0,84.6,83.4,87.2
ESG BID 2023.txt_scale_1,36,2,15,1,22,1,17,0,9,0,3,0,0,0,5,0,13,0,20,0,0,0,9,0,15,0,0,0,52,3,42,1,123,8,38,4,61,4,48,4,6,2,0,0,4388,58892,103,4,53,0,371,25,107,62,396,565,0.9797452377490219,0.03370277711346434,0,84.8,87.5,90.5
ESG CTR 2024.txt_scale_1,10,2,4,0,6,0,5,0,2,0,1,0,0,0,1,0,3,0,5,0,0,0,2,0,4,0,0,0,14,1,11,0,31,2,9,1,18,1,13,1,2,0,0,0,1257,14434,28,2,15,0,82,6,34,15,100,151,0.8932191728858772,0.07304866556084867,0,80.8,84.7,83.4
ESG FPT 2023.txt_scale_1,17,0,7,0,11,0,9,0,4,0,2,0,0,0,2,0,6,0,10,0,0,0,5,0,7,0,0,0,21,1,17,0,49,2,15,1,24,1,20,1,3,0,0,0,2581,29699,50,0,29,0,160,5,51,29,153,232,1.0,0.016997426950336753,0,84.6,92.4,90.5
ESG FPT 2024.txt_scale_1,20,0,9,0,13,0,11,0,5,0,2,0,0,0,2,0,7,0,14,0,0,0,5,0,8,0,0,0,25,1,17,0,58,2,18,1,24,1,17,1,4,0,0,0,3012,34681,59,0,38,0,190,6,59,34,181,274,0.9396135859554888,0.013164009466504714,0,84.9,88.5,91.7
ESG GCF 2024.txt_scale_1,21,1,9,0,13,1,10,0,5,0,2,0,0,0,2,0,8,0,13,0,0,0,5,0,7,0,0,0,27,2,22,1,62,3,21,2,32,2,25,2,3,1,0,0,3724,38361,61,2,44,0,214,13,63,37,200,300,0.9426404410369591,0.06451714668421071,0,84.9,86.6,87.9
ESG Home-Credit 2022.txt_scale_1,16,3,6,1,9,1,7,1,4,1,1,0,0,0,2,1,5,1,8,2,0,0,3,1,6,2,0,0,19,3,15,1,35,5,14,2,22,2,17,2,3,1,0,0,2685,31995,41,7,24,7,134,16,48,31,150,186,0.8556949995152087,0.12424064056406106,0,84.1,79.1,90.4
ESG Miza 2022.txt_scale_1,5,1,2,0,3,0,2,0,1,0,0,0,0,0,1,0,2,0,3,0,0,0,1,0,2,0,0,0,6,1,6,0,17,2,5,1,8,1,6,1,1,0,0,0,856,8303,13,1,9,0,50,6,14,9,56,79,0.8297142027675224,0.15208350362410208,0,77.8,89.4,89.3
ESG NVL 2021.txt_scale_1,18,1,8,0,14,0,9,0,5,0,2,0,0,0,2,0,6,0,9,0,0,0,3,0,6,0,0,0,18,1,18,0,51,2,16,1,30,1,20,1,3,0,0,0,2810,36912,53,1,26,0,155,6,54,26,161,253,0.9745769610403834,0.02487119938567178,0,88.3,85.9,86.8
ESG NVL 2022.txt_scale_1,14,0,6,0,8,0,7,0,3,0,1,0,0,0,1,0,4,0,7,0,0,0,2,0,5,0,0,0,17,1,12,0,40,2,12,1,18,1,15,1,2,0,0,0,2048,23560,40,0,19,0,107,6,40,19,111,185,0.9992471767728547,0.01415673394512492,0,86.5,84.6,88.6
ESG PAN 2020.txt_scale_1,9,2,3,0,5,1,4,1,2,1,1,0,0,0,1,1,4,1,5,2,0,0,2,1,4,2,0,0,12,2,8,1,26,3,7,2,13,2,12,2,2,1,0,0,2472,31813,24,5,15,8,80,13,29,22,93,144,0.8955439893009751,0.09938768797866347,1,51.9,50.7,57.8
ESG PAN 2021.txt_scale_1,8,3,3,1,5,2,4,2,2,2,1,0,0,0,1,1,3,1,5,3,0,0,2,1,4,3,0,0,12,3,9,2,26,3,8,3,11,3,10,3,2,2,0,0,3300,28687,28,10,15,10,72,20,34,24,89,158,0.8984295564953889,0.12341843998114121,1,47.2,51.0,59.3
ESG PAN 2022.txt_scale_1,10,2,4,0,6,1,4,1,2,1,1,0,0,0,1,1,4,1,6,2,0,0,2,1,4,2,0,0,13,2,10,1,33,3,9,2,14,2,12,2,2,1,0,0,3074,35368,27,5,16,8,96,15,32,23,102,157,0.8577835001502142,0.10441277029658877,1,51.8,55.1,60.4
ESG PAN 2023.txt_scale_1,7,2,2,0,5,1,3,1,1,1,0,0,0,0,1,1,2,1,4,2,0,0,1,1,3,2,0,0,9,2,7,1,20,3,6,2,11,2,8,2,1,1,0,0,1680,17166,17,5,11,7,61,12,24,21,74,114,0.8267573570450483,0.1318946469403245,0,79.4,78.1,86.5
ESG Pan 2024.txt_scale_1,17,1,6,0,10,0,7,0,2,0,1,0,0,0,2,0,5,0,8,0,0,0,3,0,6,0,0,0,18,1,14,0,41,2,14,1,23,1,16,1,2,0,0,0,4404,44066,43,1,24,0,126,6,50,24,132,200,0.9480805295953569,0.06423750900827917,1,56.1,60.7,67.1
ESG PLX 2022.txt_scale_1,25,3,10,1,15,2,12,1,6,1,3,0,0,0,3,1,8,1,13,2,0,0,5,1,9,2,0,0,31,4,30,2,85,7,23,3,37,3,28,3,5,2,0,0,3855,40744,69,8,38,7,226,20,83,45,250,375,0.9009806768723325,0.07915351593484805,3,95.4,90.6,90.7
ESG PLX 2023.txt_scale_1,21,1,10,0,13,1,8,0,5,0,2,0,0,0,2,0,7,0,10,0,0,0,4,0,7,0,0,0,25,1,20,0,66,2,18,1,29,1,21,1,4,0,0,0,2190,25930,65,2,29,0,174,7,60,29,180,270,0.9613871627661736,0.05798159959259522,0,89.0,91.0,87.9
ESG PNJ 2019.txt_scale_1,15,2,7,1,12,1,7,1,4,1,2,0,0,0,2,0,5,0,8,1,0,0,3,0,6,0,0,0,20,2,18,1,43,4,14,2,22,2,17,2,3,1,0,0,2570,29562,44,6,24,1,153,14,43,25,147,249,0.9314614350594844,0.07324097935648162,0,81.0,87.1,84.1
ESG PNJ 2020.txt_scale_1,17,2,6,1,12,1,8,1,5,1,2,0,0,0,2,0,6,0,9,1,0,0,4,0,7,0,0,0,22,2,18,1,52,4,18,2,27,2,20,2,4,1,0,0,2617,34488,52,5,28,1,161,16,57,29,175,244,0.9565791335659293,0.05096663200450511,0,85.9,88.9,86.4
ESG PNJ 2021.txt_scale_1,12,4,5,2,8,2,5,2,3,2,1,0,0,0,1,1,4,1,5,2,0,0,2,1,5,2,0,0,15,3,12,2,34,5,11,3,17,3,13,3,3,2,0,0,1118,14058,35,12,20,8,105,22,47,25,126,198,0.8078408732461211,0.16412805347419301,0,78.1,79.5,81.3
ESG PNJ 2022.txt_scale_1,0,0,0,0,0,0,0,0,0,0,0,0,0,0,0,0,0,0,0,0,0,0,0,0,0,0,0,0,1,0,1,0,1,0,0,0,0,0,0,0,0,0,0,0,2,212,0,0,0,0,3,0,0,0,3,3,0.9874536152451041,0.0,0,34.6,35.4,88.1
ESG PNJ 2023.txt_scale_1,15,1,8,0,11,0,8,0,4,0,2,0,0,0,2,0,6,0,9,0,0,0,3,0,6,0,0,0,20,1,19,0,50,2,17,1,20,1,19,1,3,0,0,0,1784,20534,49,1,26,0,153,6,50,26,143,235,1.0,0.03954545792278836,0,85.5,91.6,91.8
ESG PNJ 2024.txt_scale_1,22,1,9,0,14,0,9,0,5,0,3,0,0,0,3,0,8,0,13,0,0,0,4,0,8,0,0,0,29,2,22,1,64,3,22,2,29,2,24,2,4,1,0,0,3720,41772,63,1,36,0,194,11,64,36,205,336,0.9403587346449321,0.03293372673452522,0,84.8,91.3,89.5
ESG PVN 2022.txt_scale_1,28,2,11,1,20,1,13,1,7,1,3,0,0,0,3,0,8,0,14,0,0,0,5,0,8,0,0,0,34,2,27,1,77,4,21,2,35,2,30,2,5,1,0,0,3558,48517,79,6,39,0,238,14,70,35,252,357,0.920975675664618,0.05043085003113836,3,93.1,85.6,95.5
ESG PVN 2023.txt_scale_1,27,3,9,1,18,2,11,1,5,1,2,0,0,0,2,1,7,1,12,1,0,0,4,1,7,1,0,0,28,3,27,2,66,5,21,3,34,3,22,3,4,2,0,0,3651,41979,53,8,32,5,200,21,73,37,263,354,0.9517959843921119,0.08501937880887908,1,55.6,60.0,61.2
ESG SAB 2024.txt_scale_1,20,1,8,0,13,0,9,0,4,0,2,0,0,0,2,0,6,0,10,0,0,0,4,0,7,0,0,0,25,1,19,0,48,2,15,1,27,1,20,1,3,0,0,0,3025,35768,56,1,29,0,164,5,57,26,170,238,0.9173955397175985,0.08944200446787831,0,85.5,90.2,90.2
ESG TCB 2024.txt_scale_1,17,0,6,0,11,0,8,0,4,0,2,0,0,0,2,0,6,0,10,0,0,0,3,0,6,0,0,0,21,1,17,0,48,2,15,1,24,1,16,1,3,0,0,0,1784,20534,49,0,22,0,146,6,56,26,133,227,0.9622852899358771,0.03471768701517811,0,86.8,91.1,88.1
ESG TRA 2019.txt_scale_1,19,1,8,0,12,0,9,0,5,0,2,0,0,0,2,0,6,0,10,0,0,0,4,0,7,0,0,0,23,1,19,0,53,2,17,1,27,1,20,1,4,0,0,0,2849,32790,54,1,27,0,163,6,55,27,202,231,0.9731640479579602,0.05671674828283236,0,84.4,84.1,84.2
ESG Vingroup 2022.txt_scale_1,35,2,14,1,20,1,20,1,9,1,4,0,0,0,4,0,12,0,21,0,0,0,7,0,13,0,0,0,51,3,41,1,100,6,38,2,60,2,46,2,7,1,0,0,4605,66552,101,5,56,0,423,17,107,56,377,540,0.9184300442590174,0.0395529073736335,3,91.5,86.0,92.1
ESG Vingroup 2023.txt_scale_1,33,2,13,1,23,1,16,1,8,1,3,0,0,0,3,0,11,0,17,0,0,0,6,0,13,0,0,0,48,3,38,1,108,5,36,2,56,2,46,2,6,1,0,0,8053,77816,93,5,50,0,341,17,99,50,358,560,0.9459161271323059,0.04839593544936065,2,75.6,71.8,76.9
ESG VNM 2021.txt_scale_1,30,2,12,1,19,1,14,1,7,1,4,0,0,0,3,0,10,0,18,0,0,0,6,0,12,0,0,0,45,3,39,1,105,5,33,2,52,2,40,2,6,1,0,0,5470,59019,85,6,47,0,314,15,91,47,330,465,0.9860298589170415,0.05440931340754681,3,94.2,90.5,95.4
ESG VNM 2022.txt_scale_1,22,3,8,1,14,2,10,2,4,2,2,0,0,0,2,1,7,1,10,2,0,0,4,1,8,2,0,0,30,4,24,3,68,7,22,4,35,4,27,4,4,3,0,0,3236,36681,61,10,35,7,210,29,71,41,245,400,0.8959799232551521,0.10327259974579243,1,50.0,53.0,59.3
ESG VNM 2023.txt_scale_1,38,1,15,0,24,0,17,0,8,0,5,0,0,0,4,0,13,0,21,0,0,0,7,0,17,0,0,0,54,2,43,1,123,4,40,2,63,2,56,2,7,1,0,0,7765,76244,113,1,62,0,316,14,108,62,392,562,0.925141057449966,0.05710408361041759,3,90.9,90.6,96.0
ESG VNM 2024.txt_scale_1,32,2,12,1,23,1,15,1,8,1,3,0,0,0,3,0,11,0,15,0,0,0,7,0,15,0,0,0,54,3,42,1,109,5,30,2,50,2,42,2,6,1,0,0,5088,58565,91,6,47,0,344,16,104,53,365,510,0.9039782413648735,0.06291469499277491,3,95.0,86.0,99.3
AR BBC 2023.txt_scale_2,2,1,0,0,10,0,11,0,2,1,4,0,0,1,0,0,2,0,8,2,0,0,2,0,5,2,0,0,35,10,16,1,99,15,5,4,22,5,22,3,32,19,1,2,3932,55233,25,3,17,5,242,59,29,21,278,355,0.8258395749012561,0.1898950945981014,2,69.1,64.4,66.0
AR BBC 2024.txt_scale_2,6,3,1,0,24,2,14,3,2,0,5,0,0,0,0,0,9,1,17,1,0,0,5,0,15,2,0,0,93,12,61,0,218,9,16,5,57,3,73,4,33,10,0,0,5778,78698,48,8,49,4,559,43,57,49,602,708,0.8824654741216378,0.07902879100323648,2,71.5,73.0,71.5
AR BID 2024.txt_scale_2,40,3,25,0,26,5,12,0,13,3,4,0,0,0,3,0,26,0,56,4,0,0,24,2,22,4,1,0,77,4,52,1,193,10,55,4,163,0,56,1,2,0,0,0,6499,81127,116,12,135,10,702,19,127,145,619,891,0.9632097848435857,0.04706415719650976,1,60.3,62.6,66.5
AR DPM 2023.txt_scale_2,14,1,0,0,15,1,2,0,7,1,2,0,0,0,0,0,5,0,10,0,0,0,3,0,6,0,0,0,89,3,77,2,189,4,46,2,75,2,34,1,0,0,0,0,3784,39831,39,3,26,0,505,15,42,30,519,587,0.9324552046527432,0.02962197549818667,2,71.2,73.7,77.7
AR DPM 2024.txt_scale_2,42,1,19,0,27,0,19,1,9,0,3,0,0,0,6,0,9,0,22,1,0,0,7,0,6,1,0,0,107,13,83,4,216,22,59,10,79,8,74,16,0,0,0,0,4726,74648,112,2,46,2,601,75,114,48,690,852,0.9257425718138762,0.08604664059480413,2,71.5,73.6,71.1
AR HSG 2024.txt_scale_2,17,0,9,0,14,1,21,0,8,1,3,0,0,0,3,0,8,0,11,1,0,0,5,0,5,0,0,0,70,5,51,3,158,8,66,5,112,8,58,4,1,0,0,0,3989,42898,72,2,34,1,518,33,74,33,447,658,0.9784706219387712,0.04429356548188897,2,69.3,73.1,74.7
AR SAB 2021.txt_scale_2,23,1,12,1,18,0,18,1,5,0,1,0,0,0,3,0,12,0,21,1,0,0,5,0,11,0,0,0,84,6,66,2,175,12,48,7,82,2,63,8,2,1,0,0,4226,51746,77,3,51,1,427,38,80,42,558,690,0.9089043265137144,0.07558180848138794,2,77.1,71.6,71.3
AR SAB 2022.txt_scale_2,23,2,10,0,17,1,18,1,5,0,1,0,0,0,2,0,11,0,18,1,0,0,6,0,8,0,0,0,70,7,60,2,175,12,56,4,80,3,63,7,3,3,0,0,4370,53484,74,4,44,1,467,38,78,45,565,688,0.9279622998979605,0.07592425502349169,2,74.4,72.2,72.3
AR SAB 2023.txt_scale_2,23,2,11,0,17,1,18,1,4,0,1,0,0,0,2,0,11,0,21,1,0,0,7,0,9,0,0,0,82,7,64,2,185,14,66,5,82,3,65,7,3,3,0,0,4584,56029,74,3,50,1,645,39,78,41,578,707,0.8970948364504446,0.06042032372240713,2,69.8,74.9,75.6
AR SCB 2024.txt_scale_2,33,2,10,0,21,1,16,2,8,1,2,0,0,0,5,0,17,0,26,2,0,0,8,0,9,1,0,0,95,11,83,3,201,16,58,7,84,6,81,8,2,3,0,0,5597,67887,89,6,65,3,582,54,105,80,636,799,0.8525267577712493,0.15360631985393738,2,70.3,72.9,67.2
AR TCM 2023.txt_scale_2,28,0,7,0,11,0,11,0,8,0,0,0,0,0,1,0,4,0,5,0,0,0,2,0,1,0,0,0,54,6,37,0,104,13,26,2,47,2,43,2,0,0,0,0,2565,29717,56,0,13,0,309,23,64,13,332,409,0.8711512731582461,0.14003017433007472,2,69.7,58.2,69.1
AR TRA 2024.txt_scale_2,24,2,9,0,18,1,16,1,5,0,1,0,0,0,3,0,12,0,20,1,0,0,7,0,10,0,0,0,93,7,67,2,179,13,45,5,81,3,63,9,3,3,0,0,4677,56986,75,4,49,1,520,36,77,50,558,685,0.9517529285129843,0.059968097085894644,2,72.7,71.9,71.2
AR VinGroup 2024.txt_scale_2,42,4,20,1,31,3,25,2,10,1,5,0,0,0,7,1,20,1,33,3,0,0,9,1,11,2,0,0,163,22,125,7,346,24,90,11,112,10,111,13,2,2,0,0,7682,116536,133,11,90,8,975,88,144,86,1063,1293,0.9504604573765357,0.07809608081335462,2,74.6,70.2,73.4
ESG ACB 2022.txt_scale_2,11,1,5,0,8,0,6,0,3,0,1,0,0,0,1,0,5,0,7,0,0,0,3,0,5,0,0,0,16,1,13,0,37,2,14,1,23,1,14,1,2,0,0,0,1315,15064,34,1,18,0,115,5,29,21,121,176,0.9777884169871056,0.06586718154931422,0,83.0,83.9,91.3
ESG ACB 2023.txt_scale_2,25,2,13,1,18,1,13,0,6,0,2,0,0,0,3,0,11,0,16,0,0,0,7,0,12,0,0,0,40,2,36,1,77,5,31,3,48,3,37,3,5,1,0,0,3232,37202,75,4,48,0,286,17,85,43,303,433,0.9213835119078023,0.05466385008027695,0,87.9,91.2,89.5
ESG ACB 2024.txt_scale_2,35,1,15,0,18,1,16,0,7,0,3,0,0,0,4,0,12,0,17,0,0,0,8,0,14,0,0,0,55,3,40,1,118,5,37,4,59,4,40,4,6,2,0,0,4033,50574,98,2,57,0,356,23,100,57,380,537,0.948740312465245,0.02275953825370067,0,91.7,86.4,85.2
ESG BID 2023.txt_scale_2,29,2,15,1,23,1,17,0,8,0,3,0,0,0,4,0,13,0,18,0,0,0,8,0,15,0,0,0,52,3,42,1,123,7,38,4,51,4,48,3,7,2,0,0,4388,50566,113,4,62,0,334,25,107,62,396,565,0.9582344642162557,0.032142614297108386,0,89.2,86.7,84.4
ESG CTR 2024.txt_scale_2,10,2,4,0,6,0,5,0,2,0,1,0,0,0,1,0,3,0,5,0,0,0,2,0,4,0,0,0,14,1,11,0,36,2,10,1,18,1,13,1,2,0,0,0,1257,14434,31,2,15,0,100,6,30,15,106,169,0.8983356855939288,0.07246595670750426,0,85.4,86.3,90.1
ESG FPT 2023.txt_scale_2,17,0,8,0,11,0,9,0,4,0,2,0,0,0,2,0,6,0,10,0,0,0,4,0,7,0,0,0,21,1,17,0,49,2,15,1,24,1,18,1,3,0,0,0,2581,27539,50,0,25,0,162,6,50,29,147,205,0.9482497203881839,0.017746846241369008,0,88.9,84.5,91.9
ESG FPT 2024.txt_scale_2,20,0,8,0,11,0,11,0,5,0,2,0,0,0,2,0,7,0,12,0,0,0,4,0,8,0,0,0,25,1,20,0,58,2,19,1,29,1,23,1,4,0,0,0,3012,34681,59,0,34,0,175,6,59,34,199,274,0.9884079447830706,0.012889823374302169,0,92.2,86.9,84.5
ESG GCF 2024.txt_scale_2,21,1,9,0,14,1,9,0,5,0,2,0,0,0,2,0,7,0,13,0,0,0,5,0,9,0,0,0,26,2,24,1,62,3,20,2,31,2,23,2,3,1,0,0,3335,32512,56,2,37,0,187,13,63,37,216,348,0.9157764139817461,0.06629158851607435,0,83.3,84.7,89.3
ESG Home-Credit 2022.txt_scale_2,15,3,6,1,9,1,8,1,3,1,1,0,0,0,2,1,5,1,8,2,0,0,3,1,6,2,0,0,19,3,12,1,44,5,14,2,22,2,17,2,3,1,0,0,2696,34880,43,7,21,7,134,16,48,31,150,229,0.898899258407815,0.12989798557943985,0,78.5,76.2,87.2
ESG Miza 2022.txt_scale_2,5,1,2,0,3,0,2,0,1,0,0,0,0,0,1,0,2,0,3,0,0,0,1,0,2,0,0,0,8,1,6,0,17,2,6,1,8,1,6,1,1,0,0,0,856,9848,15,1,9,0,50,6,14,9,56,79,0.8194651093563453,0.15993273716848752,0,80.9,83.6,88.1
ESG NVL 2021.txt_scale_2,18,1,8,0,10,0,9,0,4,0,2,0,0,0,2,0,6,0,9,0,0,0,3,0,6,0,0,0,22,1,18,0,41,2,16,1,26,1,19,1,3,0,0,0,2810,32325,53,1,26,0,178,6,54,24,161,241,0.9595817181263294,0.026028214359647642,0,89.7,88.3,88.1
ESG NVL 2022.txt_scale_2,12,0,6,0,9,0,7,0,2,0,1,0,0,0,1,0,4,0,7,0,0,0,2,0,5,0,0,0,18,1,14,0,41,2,12,1,20,1,15,1,2,0,0,0,2325,23560,48,0,19,0,120,6,40,19,129,185,1.0,0.013038245587578025,0,91.1,89.5,85.1
ESG PAN 2020.txt_scale_2,9,2,3,0,6,1,3,1,2,1,1,0,0,0,1,1,3,1,5,2,0,0,2,1,4,2,0,0,11,2,10,1,25,3,8,2,13,2,10,2,2,1,0,0,2354,31813,24,5,15,7,80,13,29,22,93,144,0.8768255070316135,0.10154589172132134,1,52.5,51.4,57.4
ESG PAN 2021.txt_scale_2,9,3,3,1,5,2,4,2,2,2,1,0,0,0,1,1,3,1,5,3,0,0,2,1,4,3,0,0,12,3,9,2,26,4,7,3,11,3,10,3,2,2,0,0,2751,32121,24,10,15,9,80,20,34,24,100,173,0.8894352097302478,0.12380329730192213,1,48.4,54.0,56.3
ESG PAN 2022.txt_scale_2,10,2,4,0,6,1,4,1,2,1,1,0,0,0,1,1,3,1,6,2,0,0,2,1,4,2,0,0,13,2,10,1,33,3,9,2,14,2,11,2,2,1,0,0,3074,32501,27,5,16,7,100,13,32,23,102,136,0.9339534118927357,0.10669987845672298,1,52.5,55.7,57.9
ESG PAN 2023.txt_scale_2,7,2,2,0,5,1,3,1,1,1,0,0,0,0,1,1,2,1,4,2,0,0,1,1,3,2,0,0,9,2,7,1,20,3,6,2,10,2,8,2,1,1,0,0,1492,17166,17,5,11,7,61,13,22,18,74,104,0.8586971352770262,0.13146903618567723,0,77.8,80.0,81.7
ESG Pan 2024.txt_scale_2,16,1,6,0,10,0,6,0,3,0,1,0,0,0,2,0,5,0,8,0,0,0,3,0,6,0,0,0,15,1,15,0,41,2,13,1,19,1,16,1,2,0,0,0,4304,49537,43,1,24,0,126,6,36,24,132,200,0.965505745404001,0.06315224703040061,1,61.0,64.4,63.3
ESG PLX 2022.txt_scale_2,29,3,8,1,13,2,13,1,6,1,3,0,0,0,2,1,9,1,13,2,0,0,5,1,9,2,0,0,31,4,25,2,77,7,27,3,35,3,28,3,5,2,0,0,3621,44349,72,8,38,7,246,24,73,45,250,375,0.9537357843800541,0.07896862094479552,3,88.5,88.8,95.2
ESG PLX 2023.txt_scale_2,24,1,8,0,11,1,10,0,6,0,2,0,0,0,2,0,6,0,10,0,0,0,4,0,7,0,0,0,30,1,20,0,51,2,21,1,32,1,21,1,4,0,0,0,1802,25205,59,2,30,0,174,6,61,29,209,270,0.9907458208592244,0.0548592938324554,0,84.1,84.6,84.2
ESG PNJ 2019.txt_scale_2,17,2,6,1,10,1,7,1,4,1,2,0,0,0,2,0,4,0,8,1,0,0,4,0,5,0,0,0,19,2,15,1,43,4,17,2,22,2,15,2,3,1,0,0,2570,29562,44,6,24,1,118,14,50,25,147,194,0.8867238320925285,0.07484900260375628,0,84.0,88.3,82.1
ESG PNJ 2020.txt_scale_2,17,2,8,1,12,1,7,1,5,1,2,0,0,0,2,0,7,0,8,1,0,0,4,0,8,0,0,0,23,2,18,1,46,4,17,2,27,2,20,2,5,1,0,0,2998,34488,51,6,28,1,161,14,57,34,207,261,0.9163798297810963,0.053643984475660114,0,84.1,84.3,88.0
ESG PNJ 2021.txt_scale_2,12,5,4,2,8,2,6,2,4,2,1,0,0,0,1,1,4,1,7,2,0,0,2,1,5,2,0,0,14,3,12,2,34,5,11,3,19,3,14,3,3,2,0,0,1354,14054,35,12,18,8,105,19,47,25,126,198,0.8810766035337848,0.16059997388691163,0,79.6,75.5,78.8
ESG PNJ 2022.txt_scale_2,0,0,0,0,0,0,0,0,0,0,0,0,0,0,0,0,0,0,0,0,0,0,0,0,0,0,0,0,1,0,1,0,1,0,0,0,0,0,0,0,0,0,0,0,2,212,0,0,0,0,3,0,0,0,3,2,1.0,0.0,0,36.2,34.1,86.5
ESG PNJ 2023.txt_scale_2,17,1,7,0,11,0,7,0,4,0,2,0,0,0,2,0,6,0,8,0,0,0,3,0,6,0,0,0,22,1,18,0,48,2,16,1,23,1,20,1,3,0,0,0,1784,20534,49,1,29,0,153,6,50,27,159,255,0.9194848700775049,0.039234758721143126,0,82.7,89.3,85.1
ESG PNJ 2024.txt_scale_2,22,1,11,0,14,0,10,0,5,0,3,0,0,0,3,0,8,0,13,0,0,0,4,0,8,0,0,0,25,2,22,1,71,3,20,2,32,2,24,2,4,1,0,0,3200,36827,72,1,36,0,194,11,64,42,205,337,1.0,0.03239044827229128,0,83.7,86.1,84.6
ESG PVN 2022.txt_scale_2,28,2,11,1,18,1,11,1,6,1,3,0,0,0,3,0,10,0,13,0,0,0,5,0,8,0,0,0,27,2,27,1,77,3,23,2,40,2,31,2,5,1,0,0,4219,53725,76,6,32,0,238,14,85,39,252,376,0.917971234564749,0.05177817834576473,3,91.0,85.3,98.9
ESG PVN 2023.txt_scale_2,23,3,9,1,15,2,11,1,5,1,2,0,0,0,2,1,7,1,12,1,0,0,4,1,7,1,0,0,29,3,23,2,66,5,23,3,34,3,26,4,4,2,0,0,3651,41979,65,9,29,5,219,21,73,37,224,334,0.8962409113997863,0.08235242077019576,1,54.0,55.2,64.1
ESG SAB 2024.txt_scale_2,21,1,8,0,10,0,10,0,4,0,2,0,0,0,2,0,6,0,9,0,0,0,4,0,7,0,0,0,27,1,19,0,54,2,17,1,27,1,20,1,3,0,0,0,3025,39434,56,1,29,0,164,6,66,31,170,256,0.9429892204951928,0.08943741643743063,0,86.2,92.2,84.8
ESG TCB 2024.txt_scale_2,17,0,6,0,9,0,8,0,3,0,2,0,0,0,2,0,6,0,9,0,0,0,3,0,6,0,0,0,19,1,20,0,48,2,15,1,29,1,18,1,3,0,0,0,1784,20054,49,0,26,0,146,6,49,22,152,229,1.0,0.03678971384982202,0,86.0,88.1,84.8
ESG TRA 2019.txt_scale_2,23,1,7,0,10,0,9,0,4,0,2,0,0,0,2,0,6,0,10,0,0,0,4,0,7,0,0,0,23,1,17,0,47,2,17,1,27,1,20,1,4,0,0,0,2849,32790,54,1,29,0,163,6,55,27,169,253,0.9477718224608407,0.05648991517558127,0,88.5,84.0,86.7
ESG Vingroup 2022.txt_scale_2,31,2,14,1,25,1,17,1,8,1,4,0,0,0,5,0,10,0,19,0,0,0,7,0,15,0,0,0,57,3,41,1,117,6,43,2,60,2,51,2,7,1,0,0,5651,70155,101,6,63,0,360,17,107,56,377,578,0.9175184704886282,0.0410131844763744,3,92.7,88.7,94.5
ESG Vingroup 2023.txt_scale_2,30,2,14,1,21,1,16,1,7,1,3,0,0,0,3,0,11,0,17,0,0,0,6,0,13,0,0,0,40,3,38,1,120,6,36,2,56,2,43,2,6,1,0,0,8053,104808,93,6,50,0,341,17,84,50,358,507,0.9561832465505401,0.04742850452568089,2,71.7,74.5,74.5
ESG VNM 2021.txt_scale_2,30,2,12,1,18,1,14,1,6,1,3,0,0,0,3,0,10,0,16,0,0,0,6,0,12,0,0,0,40,3,36,1,98,6,29,2,53,2,40,2,6,1,0,0,5470,62962,85,6,47,0,314,13,91,39,341,557,0.904152934906023,0.055029032127385136,3,90.6,90.9,92.2
ESG VNM 2022.txt_scale_2,22,3,8,1,14,2,10,2,5,2,2,0,0,0,2,1,7,1,11,2,0,0,4,1,8,2,0,0,30,4,24,3,77,7,22,4,33,4,27,4,3,3,0,0,3106,37219,61,10,32,7,210,29,71,39,239,349,0.8783289777490876,0.10440184089395983,1,51.3,51.4,59.1
ESG VNM 2023.txt_scale_2,38,1,15,0,20,0,17,0,9,0,3,0,0,0,4,0,11,0,24,0,0,0,8,0,18,0,0,0,52,2,51,1,142,4,40,2,63,2,48,2,7,1,0,0,7046,76244,107,1,62,0,378,16,108,52,392,562,0.9071037429564276,0.05424419242078055,3,98.4,83.8,93.0
ESG VNM 2024.txt_scale_2,32,2,13,1,19,1,15,1,8,1,3,0,0,0,3,0,11,0,18,0,0,0,7,0,14,0,0,0,48,3,38,1,130,5,35,2,61,2,42,2,6,1,0,0,5088,58565,74,6,53,0,336,16,97,63,360,510,0.9140566603652147,0.06455102902623132,3,94.1,85.1,92.2
synthetic_cluster_2_1.txt,27,1,12,0,19,0,14,1,5,0,1,0,0,0,2,0,15,0,26,1,0,0,3,0,9,0,0,0,123,3,28,1,261,11,49,6,80,9,45,6,10,3,0,0,2398,79833,52,6,45,0,351,46,82,55,475,492,0.9190178413209245,0.1502522874754269,2,68.9,67.5,73.6
synthetic_cluster_2_2.txt,26,2,7,0,28,2,16,0,5,1,2,0,0,0,0,0,7,0,17,4,0,0,9,0,3,1,0,0,112,9,67,0,278,11,25,13,121,3,18,3,27,5,0,1,4709,48483,59,8,53,0,585,45,67,38,397,535,0.9271617290880201,0.07338859418920082,2,72.9,67.5,73.9
synthetic_cluster_1_1.txt,34,2,11,1,8,3,0,0,3,2,2,0,0,0,3,0,15,1,23,4,0,0,0,1,18,1,0,0,38,1,23,1,6,8,20,4,0,3,40,2,2,0,0,0,2501,30780,57,8,86,4,203,14,41,31,179,386,0.9007817632877009,0.12471049090264626,1,46.1,60.9,59.7
synthetic_cluster_1_2.txt,16,2,12,0,7,3,1,1,2,0,0,0,0,0,2,0,3,1,16,3,0,0,0,1,6,3,0,0,0,3,0,2,169,3,21,3,0,1,9,5,4,1,0,0,4487,25802,97,4,7,8,262,17,88,0,562,186,0.907657970698896,0.1426862362305864,1,50.4,60.7,60.2
synthetic_cluster_0_1.txt,10,1,9,1,12,0,11,0,2,0,3,0,0,0,2,0,8,0,13,0,0,0,2,0,5,0,0,0,37,2,13,0,57,5,10,4,7,2,21,2,2,1,0,0,4073,22770,10,4,32,1,204,20,72,36,237,282,0.8976476238692869,0.12496104855356122,0,84.1,73.4,85.2
synthetic_cluster_0_2.txt,10,0,10,0,15,1,12,1,4,0,2,0,0,0,1,1,8,1,6,0,0,0,5,0,5,1,0,0,16,2,28,0,46,3,0,2,19,0,13,1,2,1,0,0,3533,14885,53,9,5,0,268,12,37,13,166,267,0.9461771232290075,0.009005624264010616,0,79.3,77.6,88.0
synthetic_cluster_3_1.txt,26,2,17,0,18,1,9,0,8,1,4,0,0,0,3,0,10,0,13,0,0,0,7,0,12,2,0,0,34,4,38,1,93,5,34,2,50,2,40,2,5,2,0,0,3203,42453,95,5,38,4,254,21,94,41,285,583,0.9373027190673332,0.07234960337362886,3,96.3,88.0,94.8
synthetic_cluster_3_2.txt,29,2,15,0,21,1,11,0,7,1,4,0,0,0,4,0,12,1,12,0,0,0,6,0,8,1,0,0,38,2,28,1,83,6,40,2,51,2,39,2,6,2,0,0,6188,56999,101,4,65,1,339,15,84,36,376,504,0.9429035727614595,0.042145303125856404,3,96.3,88.0,95.1
